log_id,action,entity_type,entity_id,performed_by,action_date,remarks
1,CARD_EXPIRED,Account,360,77,"2017-06-10 00:00:00","Payment defaulted"
2,CARD_BLOCKED,Card,389,116,"2020-11-11 00:00:00",Auto-expired
3,CUSTOMER_UPDATED,Card,192,4,"2011-12-05 00:00:00","Closed on maturity"
4,CUSTOMER_UPDATED,Card,242,102,"2010-08-25 00:00:00","Fraud detected"
5,ACCOUNT_OPENED,Account,440,101,"2016-06-08 00:00:00","KYC completed"
6,CARD_ISSUED,Card,35,42,"2017-10-11 00:00:00","Customer request"
7,LOAN_APPROVED,Customer,81,84,"2022-07-31 00:00:00","Approved after credit check"
8,LOAN_CLOSED,Account,342,NULL,"2013-02-22 00:00:00",Auto-expired
9,CARD_BLOCKED,Account,72,30,"2017-10-17 00:00:00","System generated"
10,LOAN_CLOSED,Customer,78,91,"2022-07-02 00:00:00","Pending review"
11,LOAN_APPROVED,Card,239,NULL,"2020-11-28 00:00:00","Document verified"
12,LOAN_CLOSED,Customer,201,24,"2024-06-03 00:00:00",Auto-expired
13,LOAN_APPROVED,Loan,119,150,"2014-01-31 00:00:00","Manual override"
14,CARD_BLOCKED,Card,285,82,"2019-10-14 00:00:00","Pending review"
15,CARD_ISSUED,Account,338,NULL,"2015-02-08 00:00:00","Manual override"
16,LOAN_CLOSED,Card,468,105,"2016-07-28 00:00:00",NULL
17,LOAN_DEFAULTED,Customer,134,NULL,"2018-03-04 00:00:00","Fraud detected"
18,LOAN_APPROVED,Customer,291,149,"2018-05-24 00:00:00","Payment defaulted"
19,ACCOUNT_OPENED,Loan,350,NULL,"2010-11-25 00:00:00","KYC completed"
20,LOAN_CLOSED,Customer,480,51,"2018-09-04 00:00:00","Manual override"
21,LOAN_CLOSED,Customer,361,59,"2011-11-02 00:00:00",Auto-expired
22,CUSTOMER_UPDATED,Card,316,138,"2010-11-25 00:00:00","Pending review"
23,LOAN_DEFAULTED,Customer,18,15,"2016-09-21 00:00:00","Payment defaulted"
24,ACCOUNT_OPENED,Loan,437,11,"2022-08-16 00:00:00","Pending review"
25,LOAN_DEFAULTED,Account,464,88,"2020-04-27 00:00:00","Manual override"
26,CUSTOMER_UPDATED,Customer,189,NULL,"2012-09-20 00:00:00","System generated"
27,CUSTOMER_UPDATED,Account,282,22,"2023-11-26 00:00:00","Fraud detected"
28,ACCOUNT_OPENED,Loan,461,144,"2012-06-05 00:00:00","Pending review"
29,ACCOUNT_OPENED,Loan,167,16,"2011-01-27 00:00:00","Closed on maturity"
30,ACCOUNT_CLOSED,Customer,338,92,"2018-04-13 00:00:00","System generated"
31,ACCOUNT_OPENED,Account,205,64,"2024-04-25 00:00:00",Auto-expired
32,CARD_ISSUED,Account,203,25,"2022-09-25 00:00:00",Auto-expired
33,LOAN_DEFAULTED,Loan,350,41,"2023-05-04 00:00:00","System generated"
34,CARD_EXPIRED,Card,371,NULL,"2017-12-30 00:00:00","System generated"
35,LOAN_DEFAULTED,Account,137,37,"2012-05-12 00:00:00","Pending review"
36,LOAN_DEFAULTED,Customer,183,NULL,"2012-02-25 00:00:00","Approved after credit check"
37,CARD_EXPIRED,Loan,276,20,"2018-05-31 00:00:00","Fraud detected"
38,ACCOUNT_OPENED,Account,127,106,"2024-03-20 00:00:00","Document verified"
39,LOAN_CLOSED,Customer,135,113,"2016-04-08 00:00:00","Manual override"
40,CARD_ISSUED,Loan,1,50,"2023-06-03 00:00:00","Fraud detected"
41,CARD_ISSUED,Loan,226,31,"2011-09-27 00:00:00","Closed on maturity"
42,ACCOUNT_CLOSED,Account,378,111,"2012-04-11 00:00:00","Approved after credit check"
43,LOAN_APPROVED,Customer,35,132,"2021-03-12 00:00:00","Customer request"
44,LOAN_APPROVED,Account,424,90,"2011-06-22 00:00:00","Closed on maturity"
45,ACCOUNT_OPENED,Loan,483,150,"2019-07-20 00:00:00","KYC completed"
46,LOAN_APPROVED,Card,486,129,"2017-12-16 00:00:00","Customer request"
47,CUSTOMER_UPDATED,Card,458,NULL,"2022-12-30 00:00:00","Closed on maturity"
48,CARD_ISSUED,Customer,341,43,"2022-05-06 00:00:00","Payment defaulted"
49,LOAN_DEFAULTED,Card,192,126,"2017-03-02 00:00:00","Pending review"
50,CARD_BLOCKED,Loan,335,28,"2013-08-28 00:00:00","Customer request"
51,CARD_EXPIRED,Customer,93,115,"2018-11-29 00:00:00",Auto-expired
52,LOAN_CLOSED,Loan,7,118,"2023-06-22 00:00:00","Pending review"
53,LOAN_APPROVED,Card,383,133,"2014-10-12 00:00:00","Customer request"
54,LOAN_CLOSED,Card,176,76,"2015-06-03 00:00:00","Approved after credit check"
55,LOAN_CLOSED,Account,213,94,"2020-01-05 00:00:00","Document verified"
56,ACCOUNT_OPENED,Account,274,130,"2016-09-20 00:00:00","Pending review"
57,LOAN_APPROVED,Customer,139,93,"2019-07-10 00:00:00","Manual override"
58,ACCOUNT_CLOSED,Customer,272,71,"2020-10-27 00:00:00","Manual override"
59,ACCOUNT_OPENED,Loan,340,2,"2013-10-18 00:00:00",NULL
60,ACCOUNT_CLOSED,Loan,237,71,"2020-06-02 00:00:00","KYC completed"
61,CUSTOMER_UPDATED,Card,432,NULL,"2018-10-07 00:00:00",Auto-expired
62,LOAN_DEFAULTED,Account,7,124,"2020-07-08 00:00:00","Closed on maturity"
63,LOAN_CLOSED,Card,123,90,"2012-04-08 00:00:00","Fraud detected"
64,CARD_ISSUED,Customer,280,101,"2015-06-05 00:00:00","System generated"
65,CARD_ISSUED,Customer,277,93,"2023-09-05 00:00:00","Fraud detected"
66,LOAN_DEFAULTED,Card,265,119,"2020-11-02 00:00:00",NULL
67,LOAN_CLOSED,Customer,414,80,"2010-04-01 00:00:00","Fraud detected"
68,LOAN_APPROVED,Loan,135,123,"2010-03-20 00:00:00",NULL
69,CARD_ISSUED,Account,183,31,"2014-09-19 00:00:00",NULL
70,LOAN_DEFAULTED,Customer,466,10,"2010-08-05 00:00:00","Closed on maturity"
71,CARD_ISSUED,Loan,171,23,"2019-05-02 00:00:00","KYC completed"
72,CUSTOMER_UPDATED,Loan,25,16,"2014-10-21 00:00:00","Customer request"
73,CARD_ISSUED,Loan,499,22,"2023-07-17 00:00:00","Customer request"
74,LOAN_APPROVED,Card,369,131,"2012-11-04 00:00:00","Fraud detected"
75,CUSTOMER_UPDATED,Card,338,124,"2024-04-15 00:00:00","Customer request"
76,CARD_ISSUED,Card,335,7,"2016-08-14 00:00:00","Closed on maturity"
77,ACCOUNT_OPENED,Customer,259,71,"2011-12-14 00:00:00","Closed on maturity"
78,CUSTOMER_UPDATED,Card,275,133,"2010-03-15 00:00:00","Customer request"
79,CARD_BLOCKED,Card,135,148,"2022-04-05 00:00:00",Auto-expired
80,CARD_BLOCKED,Customer,258,109,"2018-05-10 00:00:00","Pending review"
81,ACCOUNT_CLOSED,Customer,498,76,"2019-08-12 00:00:00","Payment defaulted"
82,ACCOUNT_CLOSED,Loan,55,125,"2016-01-07 00:00:00","Payment defaulted"
83,ACCOUNT_OPENED,Card,347,130,"2021-10-22 00:00:00",NULL
84,CUSTOMER_UPDATED,Customer,234,25,"2011-07-01 00:00:00","Pending review"
85,LOAN_CLOSED,Card,202,16,"2018-04-20 00:00:00","Payment defaulted"
86,ACCOUNT_CLOSED,Customer,488,NULL,"2015-06-18 00:00:00","KYC completed"
87,CUSTOMER_UPDATED,Customer,416,71,"2016-01-17 00:00:00","System generated"
88,ACCOUNT_CLOSED,Loan,368,78,"2022-08-14 00:00:00","Pending review"
89,CARD_BLOCKED,Account,153,64,"2020-02-26 00:00:00","System generated"
90,LOAN_APPROVED,Loan,479,16,"2020-08-11 00:00:00","Manual override"
91,LOAN_APPROVED,Loan,193,135,"2023-06-07 00:00:00","Payment defaulted"
92,CARD_BLOCKED,Loan,395,100,"2020-03-03 00:00:00","System generated"
93,ACCOUNT_OPENED,Card,179,24,"2022-07-10 00:00:00","Approved after credit check"
94,LOAN_DEFAULTED,Customer,488,38,"2019-09-10 00:00:00","Document verified"
95,CARD_EXPIRED,Loan,175,64,"2013-11-24 00:00:00","Approved after credit check"
96,CARD_EXPIRED,Customer,247,18,"2011-05-04 00:00:00","Payment defaulted"
97,LOAN_DEFAULTED,Card,119,126,"2015-06-22 00:00:00","Pending review"
98,CARD_BLOCKED,Customer,267,105,"2014-11-13 00:00:00","System generated"
99,ACCOUNT_OPENED,Loan,292,109,"2016-02-08 00:00:00","Approved after credit check"
100,LOAN_APPROVED,Loan,403,77,"2017-04-22 00:00:00","Fraud detected"
101,ACCOUNT_OPENED,Card,499,111,"2020-06-18 00:00:00","Manual override"
102,ACCOUNT_OPENED,Card,364,12,"2022-11-03 00:00:00","Manual override"
103,LOAN_DEFAULTED,Loan,255,84,"2021-10-12 00:00:00",NULL
104,ACCOUNT_CLOSED,Customer,433,80,"2015-04-27 00:00:00","KYC completed"
105,ACCOUNT_CLOSED,Customer,158,15,"2022-06-30 00:00:00","Fraud detected"
106,LOAN_APPROVED,Loan,179,110,"2021-09-22 00:00:00",Auto-expired
107,ACCOUNT_OPENED,Customer,169,45,"2011-04-18 00:00:00","Fraud detected"
108,LOAN_APPROVED,Account,59,109,"2022-04-07 00:00:00","Pending review"
109,CARD_BLOCKED,Loan,496,25,"2014-11-09 00:00:00","Payment defaulted"
110,CUSTOMER_UPDATED,Account,113,108,"2023-11-08 00:00:00","KYC completed"
111,LOAN_CLOSED,Loan,235,NULL,"2024-04-04 00:00:00",NULL
112,CARD_BLOCKED,Card,19,NULL,"2011-06-14 00:00:00","Document verified"
113,CARD_ISSUED,Card,180,102,"2021-01-26 00:00:00","Fraud detected"
114,ACCOUNT_CLOSED,Customer,344,39,"2014-02-13 00:00:00","Pending review"
115,CARD_BLOCKED,Account,78,95,"2013-06-16 00:00:00","Approved after credit check"
116,LOAN_DEFAULTED,Account,223,NULL,"2016-09-07 00:00:00","Payment defaulted"
117,CARD_BLOCKED,Card,10,19,"2011-06-21 00:00:00","Fraud detected"
118,CARD_BLOCKED,Customer,305,144,"2021-03-15 00:00:00",Auto-expired
119,CARD_ISSUED,Card,233,146,"2013-06-03 00:00:00","Payment defaulted"
120,LOAN_CLOSED,Card,145,2,"2017-04-20 00:00:00","Fraud detected"
121,LOAN_CLOSED,Account,487,125,"2020-11-09 00:00:00","Payment defaulted"
122,ACCOUNT_CLOSED,Account,351,114,"2023-07-23 00:00:00",Auto-expired
123,CARD_ISSUED,Card,188,NULL,"2011-07-12 00:00:00","KYC completed"
124,CARD_BLOCKED,Account,144,103,"2017-04-23 00:00:00","Approved after credit check"
125,LOAN_CLOSED,Account,142,60,"2020-07-30 00:00:00","Closed on maturity"
126,CARD_ISSUED,Account,142,NULL,"2020-05-25 00:00:00",NULL
127,ACCOUNT_CLOSED,Account,368,109,"2019-06-01 00:00:00","Pending review"
128,LOAN_CLOSED,Loan,457,30,"2020-09-13 00:00:00","Approved after credit check"
129,CUSTOMER_UPDATED,Loan,456,148,"2019-05-08 00:00:00","Customer request"
130,ACCOUNT_OPENED,Card,368,107,"2020-07-22 00:00:00","Document verified"
131,CARD_BLOCKED,Customer,469,76,"2020-09-19 00:00:00","KYC completed"
132,CUSTOMER_UPDATED,Loan,55,26,"2019-12-24 00:00:00",NULL
133,LOAN_CLOSED,Account,228,37,"2020-01-18 00:00:00","Pending review"
134,LOAN_CLOSED,Account,60,56,"2015-08-28 00:00:00","Pending review"
135,CARD_ISSUED,Account,492,12,"2019-09-21 00:00:00","Manual override"
136,LOAN_CLOSED,Card,439,16,"2019-05-26 00:00:00","Customer request"
137,CUSTOMER_UPDATED,Loan,197,83,"2011-09-12 00:00:00",Auto-expired
138,ACCOUNT_CLOSED,Account,9,NULL,"2024-02-23 00:00:00","Fraud detected"
139,CARD_BLOCKED,Account,475,87,"2020-07-13 00:00:00","Manual override"
140,ACCOUNT_OPENED,Account,206,82,"2015-11-05 00:00:00",Auto-expired
141,CARD_BLOCKED,Account,364,6,"2022-07-09 00:00:00","Payment defaulted"
142,CUSTOMER_UPDATED,Account,107,41,"2014-04-12 00:00:00","KYC completed"
143,LOAN_DEFAULTED,Card,344,109,"2013-03-29 00:00:00","Closed on maturity"
144,CARD_BLOCKED,Card,138,NULL,"2017-12-23 00:00:00","KYC completed"
145,ACCOUNT_CLOSED,Account,406,24,"2010-10-19 00:00:00","Document verified"
146,CARD_ISSUED,Customer,282,133,"2023-11-30 00:00:00","Approved after credit check"
147,LOAN_APPROVED,Account,268,NULL,"2023-03-21 00:00:00","Document verified"
148,CUSTOMER_UPDATED,Customer,189,30,"2013-06-24 00:00:00",NULL
149,CARD_BLOCKED,Card,143,3,"2018-04-17 00:00:00","Fraud detected"
150,ACCOUNT_CLOSED,Customer,348,86,"2016-11-25 00:00:00","Payment defaulted"
151,ACCOUNT_OPENED,Customer,110,132,"2014-12-15 00:00:00","Payment defaulted"
152,CARD_EXPIRED,Loan,383,107,"2019-01-06 00:00:00","Pending review"
153,CARD_BLOCKED,Account,7,71,"2018-04-07 00:00:00",Auto-expired
154,LOAN_DEFAULTED,Customer,305,60,"2020-11-07 00:00:00","KYC completed"
155,CARD_ISSUED,Account,268,64,"2010-04-05 00:00:00","Closed on maturity"
156,LOAN_DEFAULTED,Card,447,131,"2017-09-07 00:00:00","Pending review"
157,CARD_EXPIRED,Card,201,69,"2024-05-06 00:00:00","Pending review"
158,LOAN_DEFAULTED,Loan,73,127,"2018-07-21 00:00:00",Auto-expired
159,ACCOUNT_CLOSED,Card,353,108,"2016-03-08 00:00:00",NULL
160,CARD_EXPIRED,Customer,321,NULL,"2010-01-28 00:00:00","Fraud detected"
161,CARD_ISSUED,Card,59,68,"2018-11-21 00:00:00","Approved after credit check"
162,ACCOUNT_OPENED,Account,128,47,"2022-07-03 00:00:00","Customer request"
163,CUSTOMER_UPDATED,Loan,234,143,"2019-06-05 00:00:00","KYC completed"
164,ACCOUNT_OPENED,Account,67,60,"2011-05-27 00:00:00","Pending review"
165,LOAN_APPROVED,Card,117,44,"2016-09-03 00:00:00","Closed on maturity"
166,ACCOUNT_CLOSED,Loan,460,12,"2014-02-07 00:00:00","Manual override"
167,CARD_BLOCKED,Card,491,NULL,"2024-04-06 00:00:00","Pending review"
168,LOAN_APPROVED,Loan,268,116,"2011-10-31 00:00:00","Fraud detected"
169,CUSTOMER_UPDATED,Customer,343,113,"2011-05-07 00:00:00","System generated"
170,CUSTOMER_UPDATED,Card,69,NULL,"2016-09-28 00:00:00","Closed on maturity"
171,ACCOUNT_CLOSED,Account,44,17,"2020-07-03 00:00:00",Auto-expired
172,CARD_ISSUED,Loan,74,111,"2010-11-30 00:00:00","Closed on maturity"
173,CARD_BLOCKED,Loan,69,116,"2016-03-11 00:00:00",NULL
174,LOAN_APPROVED,Account,329,11,"2017-09-08 00:00:00","System generated"
175,ACCOUNT_CLOSED,Loan,217,55,"2024-02-13 00:00:00","Payment defaulted"
176,CARD_ISSUED,Account,20,129,"2022-08-21 00:00:00","System generated"
177,ACCOUNT_CLOSED,Customer,176,90,"2012-11-19 00:00:00","System generated"
178,ACCOUNT_OPENED,Account,442,72,"2018-10-05 00:00:00","Payment defaulted"
179,CUSTOMER_UPDATED,Account,385,83,"2011-07-15 00:00:00","System generated"
180,CARD_EXPIRED,Loan,415,66,"2023-05-30 00:00:00","Pending review"
181,ACCOUNT_CLOSED,Card,13,26,"2010-11-10 00:00:00","Document verified"
182,ACCOUNT_OPENED,Card,193,147,"2024-05-26 00:00:00","KYC completed"
183,LOAN_DEFAULTED,Account,205,114,"2014-11-11 00:00:00","Manual override"
184,CUSTOMER_UPDATED,Customer,341,51,"2012-01-19 00:00:00","Manual override"
185,ACCOUNT_CLOSED,Account,470,40,"2019-03-17 00:00:00",Auto-expired
186,CARD_EXPIRED,Card,127,NULL,"2021-09-13 00:00:00","System generated"
187,LOAN_APPROVED,Loan,306,144,"2011-12-04 00:00:00","Closed on maturity"
188,ACCOUNT_OPENED,Customer,478,141,"2014-06-02 00:00:00","Document verified"
189,ACCOUNT_OPENED,Customer,450,41,"2020-11-26 00:00:00","Closed on maturity"
190,CARD_EXPIRED,Loan,460,29,"2016-02-14 00:00:00","KYC completed"
191,ACCOUNT_OPENED,Account,2,NULL,"2023-09-27 00:00:00",Auto-expired
192,LOAN_CLOSED,Account,205,38,"2021-11-02 00:00:00","Payment defaulted"
193,CUSTOMER_UPDATED,Account,253,29,"2015-04-30 00:00:00","Payment defaulted"
194,CARD_ISSUED,Account,144,64,"2013-12-18 00:00:00","System generated"
195,CARD_BLOCKED,Loan,28,13,"2020-09-08 00:00:00",NULL
196,ACCOUNT_CLOSED,Loan,104,76,"2023-02-12 00:00:00",NULL
197,CARD_ISSUED,Customer,305,12,"2015-12-11 00:00:00",NULL
198,CARD_ISSUED,Customer,338,34,"2021-04-12 00:00:00",NULL
199,ACCOUNT_OPENED,Card,104,28,"2016-09-25 00:00:00","Approved after credit check"
200,ACCOUNT_OPENED,Account,174,78,"2023-12-12 00:00:00","Payment defaulted"
201,ACCOUNT_CLOSED,Loan,51,146,"2023-01-20 00:00:00","Payment defaulted"
202,CUSTOMER_UPDATED,Account,115,81,"2015-01-17 00:00:00","Fraud detected"
203,LOAN_DEFAULTED,Account,64,49,"2014-03-04 00:00:00",NULL
204,LOAN_APPROVED,Loan,426,1,"2020-03-25 00:00:00","Fraud detected"
205,LOAN_DEFAULTED,Card,101,33,"2012-01-06 00:00:00",NULL
206,LOAN_CLOSED,Account,208,48,"2023-09-27 00:00:00","Manual override"
207,ACCOUNT_CLOSED,Card,134,144,"2011-02-09 00:00:00","System generated"
208,LOAN_CLOSED,Account,328,71,"2013-09-16 00:00:00","Closed on maturity"
209,CARD_ISSUED,Customer,439,45,"2023-05-25 00:00:00","Customer request"
210,ACCOUNT_OPENED,Card,82,NULL,"2021-09-21 00:00:00","Payment defaulted"
211,LOAN_CLOSED,Customer,15,101,"2011-08-03 00:00:00","Payment defaulted"
212,ACCOUNT_CLOSED,Card,404,141,"2013-10-27 00:00:00","Document verified"
213,CARD_ISSUED,Loan,405,1,"2011-05-22 00:00:00","Document verified"
214,CUSTOMER_UPDATED,Card,428,26,"2010-05-05 00:00:00","System generated"
215,CARD_BLOCKED,Loan,353,86,"2012-08-10 00:00:00","Manual override"
216,ACCOUNT_CLOSED,Account,128,95,"2023-10-15 00:00:00","System generated"
217,LOAN_DEFAULTED,Account,454,93,"2021-12-12 00:00:00","Manual override"
218,ACCOUNT_OPENED,Loan,318,99,"2011-10-26 00:00:00","Document verified"
219,LOAN_DEFAULTED,Account,399,93,"2011-10-26 00:00:00","Customer request"
220,CUSTOMER_UPDATED,Account,469,89,"2016-09-18 00:00:00","Customer request"
221,LOAN_CLOSED,Loan,70,100,"2023-01-23 00:00:00","Approved after credit check"
222,LOAN_DEFAULTED,Card,239,NULL,"2011-08-26 00:00:00",NULL
223,CARD_BLOCKED,Account,154,93,"2010-09-05 00:00:00",Auto-expired
224,LOAN_DEFAULTED,Customer,72,150,"2011-10-06 00:00:00","Pending review"
225,LOAN_DEFAULTED,Loan,271,150,"2023-08-19 00:00:00","Manual override"
226,LOAN_CLOSED,Account,287,141,"2021-07-03 00:00:00","Pending review"
227,CARD_ISSUED,Loan,351,118,"2022-04-23 00:00:00","System generated"
228,LOAN_DEFAULTED,Customer,97,66,"2014-11-23 00:00:00","Document verified"
229,LOAN_CLOSED,Loan,65,NULL,"2014-05-22 00:00:00","Customer request"
230,CARD_ISSUED,Card,156,110,"2019-10-02 00:00:00","Manual override"
231,ACCOUNT_OPENED,Card,44,65,"2022-02-12 00:00:00","Fraud detected"
232,LOAN_DEFAULTED,Loan,488,1,"2021-12-19 00:00:00","Closed on maturity"
233,LOAN_CLOSED,Customer,123,122,"2014-11-04 00:00:00","Fraud detected"
234,CUSTOMER_UPDATED,Card,354,75,"2023-02-16 00:00:00","Closed on maturity"
235,ACCOUNT_CLOSED,Customer,43,48,"2014-11-27 00:00:00","Payment defaulted"
236,ACCOUNT_OPENED,Customer,212,141,"2012-12-19 00:00:00","Payment defaulted"
237,CARD_ISSUED,Customer,29,NULL,"2012-05-20 00:00:00","Pending review"
238,LOAN_APPROVED,Card,140,66,"2013-04-13 00:00:00","System generated"
239,LOAN_DEFAULTED,Loan,263,97,"2017-05-12 00:00:00","Document verified"
240,CARD_ISSUED,Customer,223,31,"2019-08-04 00:00:00","Payment defaulted"
241,CUSTOMER_UPDATED,Account,263,17,"2020-01-31 00:00:00","Approved after credit check"
242,CARD_BLOCKED,Customer,209,140,"2021-04-23 00:00:00","System generated"
243,ACCOUNT_OPENED,Account,241,34,"2019-12-31 00:00:00","Customer request"
244,CARD_BLOCKED,Account,457,1,"2014-01-31 00:00:00","Payment defaulted"
245,LOAN_DEFAULTED,Customer,162,NULL,"2010-10-10 00:00:00","Document verified"
246,LOAN_APPROVED,Loan,38,NULL,"2023-09-22 00:00:00","Approved after credit check"
247,LOAN_APPROVED,Card,458,22,"2021-02-12 00:00:00","Customer request"
248,LOAN_DEFAULTED,Card,356,125,"2015-11-15 00:00:00","Manual override"
249,LOAN_DEFAULTED,Customer,113,39,"2018-02-06 00:00:00","Document verified"
250,ACCOUNT_OPENED,Loan,28,9,"2020-09-24 00:00:00","Customer request"
251,LOAN_DEFAULTED,Customer,281,128,"2017-05-03 00:00:00","Document verified"
252,LOAN_APPROVED,Customer,147,10,"2022-09-10 00:00:00","Document verified"
253,CARD_BLOCKED,Account,431,45,"2011-11-09 00:00:00",Auto-expired
254,CUSTOMER_UPDATED,Account,208,84,"2010-10-10 00:00:00","Manual override"
255,ACCOUNT_OPENED,Loan,292,17,"2014-12-16 00:00:00",NULL
256,LOAN_CLOSED,Loan,495,53,"2014-09-14 00:00:00","Document verified"
257,LOAN_CLOSED,Customer,428,NULL,"2023-01-23 00:00:00",Auto-expired
258,LOAN_DEFAULTED,Account,265,70,"2011-06-30 00:00:00",NULL
259,LOAN_APPROVED,Loan,407,60,"2013-03-19 00:00:00","Fraud detected"
260,CARD_EXPIRED,Customer,66,135,"2020-11-20 00:00:00","Document verified"
261,ACCOUNT_CLOSED,Loan,84,93,"2021-01-30 00:00:00","System generated"
262,ACCOUNT_CLOSED,Customer,167,52,"2020-11-10 00:00:00","Payment defaulted"
263,CARD_ISSUED,Customer,302,57,"2011-04-17 00:00:00","Fraud detected"
264,CARD_ISSUED,Customer,344,46,"2019-12-25 00:00:00","Payment defaulted"
265,CARD_EXPIRED,Loan,450,58,"2022-04-23 00:00:00","Customer request"
266,CARD_BLOCKED,Loan,378,108,"2010-07-11 00:00:00","System generated"
267,ACCOUNT_CLOSED,Customer,50,45,"2017-08-05 00:00:00",Auto-expired
268,LOAN_CLOSED,Card,111,123,"2021-02-27 00:00:00","Manual override"
269,LOAN_DEFAULTED,Card,253,146,"2024-03-17 00:00:00",NULL
270,ACCOUNT_CLOSED,Customer,204,60,"2012-06-25 00:00:00","System generated"
271,CUSTOMER_UPDATED,Loan,409,11,"2019-10-21 00:00:00","Customer request"
272,LOAN_APPROVED,Account,90,33,"2019-12-10 00:00:00","System generated"
273,CUSTOMER_UPDATED,Loan,378,14,"2019-05-18 00:00:00","Manual override"
274,ACCOUNT_CLOSED,Customer,124,NULL,"2010-09-22 00:00:00",NULL
275,ACCOUNT_OPENED,Account,90,NULL,"2014-12-08 00:00:00","Customer request"
276,CARD_EXPIRED,Customer,198,99,"2016-08-11 00:00:00","Manual override"
277,CARD_ISSUED,Loan,127,16,"2011-02-18 00:00:00","Manual override"
278,CUSTOMER_UPDATED,Loan,481,86,"2013-08-29 00:00:00","Document verified"
279,ACCOUNT_OPENED,Customer,427,NULL,"2019-12-26 00:00:00","Payment defaulted"
280,CARD_EXPIRED,Customer,277,123,"2016-11-13 00:00:00","KYC completed"
281,CUSTOMER_UPDATED,Customer,257,33,"2014-10-24 00:00:00","Payment defaulted"
282,LOAN_APPROVED,Account,371,NULL,"2013-06-12 00:00:00","Closed on maturity"
283,LOAN_DEFAULTED,Account,422,NULL,"2010-03-20 00:00:00","Closed on maturity"
284,LOAN_APPROVED,Card,303,137,"2022-04-16 00:00:00","Fraud detected"
285,ACCOUNT_OPENED,Customer,81,94,"2013-01-09 00:00:00","Approved after credit check"
286,LOAN_CLOSED,Card,147,NULL,"2010-12-18 00:00:00","System generated"
287,CARD_EXPIRED,Customer,349,18,"2014-06-08 00:00:00","Approved after credit check"
288,ACCOUNT_OPENED,Customer,58,35,"2023-03-13 00:00:00","Manual override"
289,CARD_EXPIRED,Customer,4,53,"2015-03-15 00:00:00","Closed on maturity"
290,ACCOUNT_CLOSED,Customer,45,18,"2017-08-31 00:00:00",Auto-expired
291,CARD_EXPIRED,Card,459,NULL,"2016-09-16 00:00:00",Auto-expired
292,CARD_EXPIRED,Customer,101,97,"2023-09-07 00:00:00","System generated"
293,CARD_BLOCKED,Card,96,47,"2023-06-08 00:00:00","Customer request"
294,LOAN_CLOSED,Card,106,71,"2016-09-14 00:00:00","KYC completed"
295,LOAN_APPROVED,Customer,6,116,"2017-08-26 00:00:00","Manual override"
296,LOAN_DEFAULTED,Account,148,22,"2014-05-25 00:00:00","Fraud detected"
297,ACCOUNT_OPENED,Card,282,48,"2020-07-08 00:00:00","System generated"
298,LOAN_CLOSED,Card,60,96,"2012-06-18 00:00:00","Document verified"
299,ACCOUNT_CLOSED,Card,249,92,"2018-09-02 00:00:00","System generated"
300,LOAN_APPROVED,Customer,151,56,"2019-08-02 00:00:00",Auto-expired
301,CARD_EXPIRED,Account,16,134,"2016-09-13 00:00:00","Document verified"
302,CARD_ISSUED,Customer,254,32,"2023-09-05 00:00:00","Payment defaulted"
303,LOAN_CLOSED,Account,393,5,"2021-05-30 00:00:00","Fraud detected"
304,CARD_BLOCKED,Card,159,142,"2019-11-08 00:00:00","Pending review"
305,LOAN_DEFAULTED,Account,334,58,"2022-06-30 00:00:00",NULL
306,CARD_EXPIRED,Account,499,138,"2021-07-06 00:00:00",Auto-expired
307,LOAN_DEFAULTED,Loan,121,143,"2012-06-03 00:00:00",NULL
308,CARD_EXPIRED,Card,126,NULL,"2015-05-21 00:00:00","Fraud detected"
309,LOAN_APPROVED,Loan,331,40,"2022-11-16 00:00:00",Auto-expired
310,ACCOUNT_CLOSED,Customer,169,115,"2010-09-17 00:00:00","Customer request"
311,CARD_ISSUED,Account,44,29,"2018-07-12 00:00:00","System generated"
312,CARD_BLOCKED,Loan,11,26,"2011-12-07 00:00:00","Customer request"
313,ACCOUNT_CLOSED,Loan,499,49,"2013-05-10 00:00:00","Document verified"
314,CARD_ISSUED,Account,243,NULL,"2024-06-04 00:00:00","Customer request"
315,LOAN_DEFAULTED,Loan,488,8,"2016-02-02 00:00:00","Approved after credit check"
316,LOAN_CLOSED,Card,286,130,"2017-11-02 00:00:00","Customer request"
317,LOAN_APPROVED,Card,399,28,"2010-07-16 00:00:00","Pending review"
318,CARD_BLOCKED,Card,371,NULL,"2017-07-27 00:00:00","Closed on maturity"
319,LOAN_CLOSED,Customer,396,NULL,"2019-06-29 00:00:00","System generated"
320,LOAN_APPROVED,Card,163,116,"2024-01-22 00:00:00","Fraud detected"
321,CARD_ISSUED,Card,134,40,"2011-05-25 00:00:00","Document verified"
322,ACCOUNT_OPENED,Loan,355,106,"2017-12-12 00:00:00","Manual override"
323,CARD_ISSUED,Account,497,117,"2021-05-25 00:00:00","Customer request"
324,ACCOUNT_OPENED,Card,266,NULL,"2010-02-15 00:00:00","Pending review"
325,ACCOUNT_CLOSED,Account,11,39,"2021-10-20 00:00:00","Payment defaulted"
326,ACCOUNT_CLOSED,Loan,180,107,"2023-03-19 00:00:00","System generated"
327,ACCOUNT_CLOSED,Loan,428,123,"2015-11-07 00:00:00","Document verified"
328,CUSTOMER_UPDATED,Loan,466,95,"2023-05-05 00:00:00","Manual override"
329,CARD_EXPIRED,Loan,186,43,"2019-04-29 00:00:00","KYC completed"
330,CARD_EXPIRED,Customer,3,65,"2022-05-18 00:00:00","System generated"
331,CUSTOMER_UPDATED,Customer,332,37,"2017-04-28 00:00:00","System generated"
332,CARD_ISSUED,Card,422,38,"2020-10-09 00:00:00",NULL
333,CUSTOMER_UPDATED,Account,342,34,"2022-02-02 00:00:00","KYC completed"
334,CARD_BLOCKED,Customer,304,74,"2022-02-01 00:00:00","Payment defaulted"
335,CARD_BLOCKED,Loan,309,7,"2023-04-24 00:00:00","Fraud detected"
336,LOAN_CLOSED,Account,302,53,"2018-12-29 00:00:00","Closed on maturity"
337,CARD_ISSUED,Loan,209,103,"2020-06-23 00:00:00","KYC completed"
338,CARD_EXPIRED,Account,80,NULL,"2021-06-28 00:00:00",Auto-expired
339,CUSTOMER_UPDATED,Card,186,114,"2021-05-14 00:00:00","Manual override"
340,CARD_ISSUED,Card,222,55,"2021-11-29 00:00:00",Auto-expired
341,LOAN_DEFAULTED,Customer,148,NULL,"2013-05-05 00:00:00","System generated"
342,CARD_ISSUED,Card,196,88,"2014-07-31 00:00:00","Approved after credit check"
343,LOAN_DEFAULTED,Account,144,38,"2021-03-24 00:00:00",NULL
344,ACCOUNT_CLOSED,Account,483,86,"2016-07-17 00:00:00",NULL
345,CARD_ISSUED,Customer,441,1,"2017-08-20 00:00:00","Manual override"
346,CARD_BLOCKED,Customer,481,63,"2021-01-22 00:00:00","Manual override"
347,CARD_BLOCKED,Account,198,144,"2015-04-14 00:00:00","Fraud detected"
348,LOAN_APPROVED,Account,420,127,"2024-04-17 00:00:00","Pending review"
349,CARD_ISSUED,Account,162,17,"2013-05-15 00:00:00","Payment defaulted"
350,CARD_BLOCKED,Customer,370,70,"2022-09-21 00:00:00","Approved after credit check"
351,LOAN_CLOSED,Loan,305,NULL,"2018-04-13 00:00:00","Fraud detected"
352,CUSTOMER_UPDATED,Loan,380,115,"2013-01-28 00:00:00","Manual override"
353,ACCOUNT_OPENED,Account,137,61,"2012-09-30 00:00:00","Customer request"
354,CARD_ISSUED,Account,149,40,"2011-08-28 00:00:00",NULL
355,CARD_BLOCKED,Loan,133,127,"2016-05-08 00:00:00","Manual override"
356,CUSTOMER_UPDATED,Loan,44,68,"2015-03-25 00:00:00","Customer request"
357,CUSTOMER_UPDATED,Customer,215,NULL,"2024-05-08 00:00:00","Payment defaulted"
358,CARD_EXPIRED,Customer,450,7,"2015-08-07 00:00:00","KYC completed"
359,LOAN_DEFAULTED,Account,157,25,"2015-04-17 00:00:00","Document verified"
360,CUSTOMER_UPDATED,Account,99,66,"2024-01-18 00:00:00","Document verified"
361,LOAN_APPROVED,Customer,449,121,"2013-01-09 00:00:00","Customer request"
362,CARD_BLOCKED,Customer,284,NULL,"2012-12-15 00:00:00",NULL
363,LOAN_DEFAULTED,Loan,305,NULL,"2010-08-18 00:00:00",NULL
364,LOAN_DEFAULTED,Account,165,143,"2019-01-05 00:00:00",NULL
365,ACCOUNT_CLOSED,Customer,435,38,"2015-05-01 00:00:00",NULL
366,CUSTOMER_UPDATED,Loan,187,140,"2014-01-29 00:00:00","Pending review"
367,LOAN_CLOSED,Account,428,NULL,"2021-04-14 00:00:00",Auto-expired
368,CARD_BLOCKED,Account,13,43,"2022-03-07 00:00:00","Manual override"
369,ACCOUNT_CLOSED,Customer,260,62,"2024-04-06 00:00:00","Closed on maturity"
370,CARD_EXPIRED,Card,25,101,"2019-11-19 00:00:00","Closed on maturity"
371,ACCOUNT_OPENED,Card,182,NULL,"2017-09-21 00:00:00",NULL
372,CARD_BLOCKED,Account,374,113,"2021-05-17 00:00:00","Approved after credit check"
373,ACCOUNT_OPENED,Loan,323,76,"2011-10-07 00:00:00","Customer request"
374,LOAN_CLOSED,Card,382,94,"2010-10-25 00:00:00","Document verified"
375,ACCOUNT_CLOSED,Customer,252,112,"2023-10-26 00:00:00",Auto-expired
376,LOAN_DEFAULTED,Loan,428,6,"2023-08-04 00:00:00","Approved after credit check"
377,ACCOUNT_CLOSED,Customer,211,30,"2015-09-13 00:00:00","Document verified"
378,CARD_BLOCKED,Card,92,125,"2014-12-20 00:00:00","Approved after credit check"
379,LOAN_CLOSED,Account,488,33,"2021-08-09 00:00:00",NULL
380,CARD_BLOCKED,Loan,272,145,"2020-01-24 00:00:00",Auto-expired
381,ACCOUNT_CLOSED,Account,262,9,"2017-06-13 00:00:00","Approved after credit check"
382,CARD_EXPIRED,Account,100,72,"2015-04-01 00:00:00","Document verified"
383,LOAN_CLOSED,Account,91,22,"2010-09-04 00:00:00","Closed on maturity"
384,LOAN_DEFAULTED,Card,51,124,"2016-06-06 00:00:00","System generated"
385,LOAN_DEFAULTED,Customer,438,35,"2021-11-05 00:00:00","Customer request"
386,CUSTOMER_UPDATED,Loan,362,6,"2011-12-26 00:00:00","Pending review"
387,CARD_ISSUED,Account,275,41,"2023-02-19 00:00:00","Customer request"
388,ACCOUNT_CLOSED,Loan,281,44,"2023-10-04 00:00:00","Payment defaulted"
389,ACCOUNT_OPENED,Card,217,119,"2011-10-11 00:00:00","Closed on maturity"
390,CARD_EXPIRED,Loan,208,63,"2013-10-20 00:00:00","Pending review"
391,CUSTOMER_UPDATED,Customer,426,65,"2023-08-27 00:00:00",NULL
392,ACCOUNT_CLOSED,Customer,38,19,"2022-12-31 00:00:00","Fraud detected"
393,CUSTOMER_UPDATED,Loan,161,142,"2013-07-01 00:00:00","System generated"
394,CUSTOMER_UPDATED,Customer,331,140,"2015-01-20 00:00:00",NULL
395,CARD_EXPIRED,Account,418,69,"2010-12-28 00:00:00","KYC completed"
396,LOAN_DEFAULTED,Customer,74,139,"2016-05-25 00:00:00","Customer request"
397,LOAN_APPROVED,Customer,270,124,"2017-09-19 00:00:00","KYC completed"
398,LOAN_APPROVED,Loan,31,124,"2011-07-26 00:00:00","Document verified"
399,CARD_ISSUED,Card,134,119,"2018-08-06 00:00:00",NULL
400,CARD_ISSUED,Loan,334,32,"2014-09-11 00:00:00","System generated"
401,CARD_BLOCKED,Account,436,NULL,"2014-09-10 00:00:00","Fraud detected"
402,LOAN_APPROVED,Account,303,131,"2016-06-27 00:00:00","Manual override"
403,ACCOUNT_CLOSED,Loan,224,22,"2013-10-25 00:00:00","Document verified"
404,CUSTOMER_UPDATED,Loan,201,105,"2016-09-11 00:00:00","Approved after credit check"
405,ACCOUNT_CLOSED,Account,364,127,"2010-03-22 00:00:00","System generated"
406,LOAN_APPROVED,Card,383,82,"2017-04-26 00:00:00","Document verified"
407,LOAN_APPROVED,Account,203,59,"2012-07-29 00:00:00",Auto-expired
408,CARD_BLOCKED,Loan,302,90,"2010-02-14 00:00:00",NULL
409,CUSTOMER_UPDATED,Card,181,140,"2010-11-09 00:00:00","Manual override"
410,ACCOUNT_CLOSED,Customer,206,116,"2011-05-10 00:00:00","Manual override"
411,CUSTOMER_UPDATED,Card,315,NULL,"2019-11-17 00:00:00",NULL
412,LOAN_CLOSED,Account,417,136,"2015-06-06 00:00:00","Fraud detected"
413,LOAN_APPROVED,Card,483,6,"2015-05-29 00:00:00","Manual override"
414,LOAN_APPROVED,Customer,223,78,"2014-03-18 00:00:00",Auto-expired
415,CARD_ISSUED,Card,93,46,"2022-01-13 00:00:00","KYC completed"
416,CARD_ISSUED,Customer,474,21,"2016-09-14 00:00:00","Manual override"
417,ACCOUNT_OPENED,Customer,487,NULL,"2024-01-14 00:00:00","Payment defaulted"
418,CARD_ISSUED,Loan,464,142,"2015-05-18 00:00:00","Pending review"
419,CARD_ISSUED,Card,403,18,"2010-10-09 00:00:00","Customer request"
420,ACCOUNT_OPENED,Card,261,141,"2016-06-21 00:00:00","Customer request"
421,ACCOUNT_CLOSED,Customer,295,1,"2023-02-14 00:00:00","Document verified"
422,CARD_BLOCKED,Card,444,83,"2010-07-24 00:00:00","Manual override"
423,CARD_BLOCKED,Customer,413,32,"2020-08-19 00:00:00","KYC completed"
424,CARD_EXPIRED,Customer,52,1,"2020-03-10 00:00:00","Payment defaulted"
425,LOAN_APPROVED,Card,201,84,"2020-04-30 00:00:00",Auto-expired
426,CARD_BLOCKED,Account,54,65,"2023-05-26 00:00:00","Pending review"
427,ACCOUNT_OPENED,Customer,370,135,"2011-07-25 00:00:00","KYC completed"
428,CARD_BLOCKED,Account,76,39,"2011-07-04 00:00:00","Payment defaulted"
429,LOAN_APPROVED,Loan,191,36,"2014-06-10 00:00:00","Document verified"
430,CARD_BLOCKED,Customer,170,92,"2012-02-13 00:00:00","KYC completed"
431,LOAN_DEFAULTED,Card,164,18,"2010-04-02 00:00:00","Fraud detected"
432,ACCOUNT_OPENED,Customer,417,NULL,"2021-12-02 00:00:00","Manual override"
433,CARD_ISSUED,Card,178,110,"2022-11-01 00:00:00",Auto-expired
434,CARD_EXPIRED,Customer,295,NULL,"2021-05-24 00:00:00","Customer request"
435,LOAN_DEFAULTED,Customer,415,30,"2016-06-27 00:00:00","Approved after credit check"
436,ACCOUNT_OPENED,Account,239,125,"2021-10-04 00:00:00","Fraud detected"
437,ACCOUNT_CLOSED,Account,450,138,"2010-08-17 00:00:00","Pending review"
438,CARD_BLOCKED,Customer,468,94,"2011-11-07 00:00:00",NULL
439,LOAN_CLOSED,Customer,25,78,"2017-11-03 00:00:00","Pending review"
440,ACCOUNT_OPENED,Customer,15,NULL,"2020-02-19 00:00:00",Auto-expired
441,CARD_EXPIRED,Loan,159,149,"2015-03-10 00:00:00","Approved after credit check"
442,CARD_EXPIRED,Account,487,119,"2018-03-20 00:00:00","Document verified"
443,LOAN_APPROVED,Customer,296,66,"2014-12-28 00:00:00","Closed on maturity"
444,ACCOUNT_OPENED,Card,143,50,"2010-02-27 00:00:00","Document verified"
445,CARD_EXPIRED,Loan,1,41,"2010-02-13 00:00:00","Document verified"
446,ACCOUNT_CLOSED,Loan,367,105,"2015-09-11 00:00:00","KYC completed"
447,LOAN_APPROVED,Card,235,104,"2023-08-06 00:00:00",NULL
448,CARD_BLOCKED,Loan,414,27,"2023-02-02 00:00:00","Document verified"
449,CARD_ISSUED,Card,87,97,"2022-03-01 00:00:00",Auto-expired
450,CARD_ISSUED,Loan,64,57,"2017-10-08 00:00:00",Auto-expired
451,ACCOUNT_OPENED,Customer,415,105,"2020-06-22 00:00:00",Auto-expired
452,CUSTOMER_UPDATED,Account,380,36,"2020-12-07 00:00:00","Manual override"
453,CARD_ISSUED,Account,437,NULL,"2021-08-02 00:00:00","KYC completed"
454,LOAN_CLOSED,Customer,38,138,"2017-09-06 00:00:00","Pending review"
455,ACCOUNT_OPENED,Account,404,33,"2011-01-09 00:00:00","Closed on maturity"
456,ACCOUNT_OPENED,Customer,474,129,"2012-10-15 00:00:00","Customer request"
457,CARD_ISSUED,Card,361,105,"2024-03-02 00:00:00","KYC completed"
458,CARD_EXPIRED,Account,416,NULL,"2018-06-01 00:00:00","Closed on maturity"
459,LOAN_CLOSED,Loan,82,57,"2023-12-26 00:00:00","Fraud detected"
460,LOAN_APPROVED,Account,313,135,"2021-09-05 00:00:00","Manual override"
461,CARD_ISSUED,Loan,270,27,"2013-01-30 00:00:00",NULL
462,ACCOUNT_OPENED,Customer,198,61,"2010-11-12 00:00:00","Customer request"
463,CUSTOMER_UPDATED,Loan,226,25,"2021-02-20 00:00:00","KYC completed"
464,ACCOUNT_CLOSED,Card,478,40,"2018-11-15 00:00:00","KYC completed"
465,LOAN_DEFAULTED,Card,191,118,"2010-12-03 00:00:00","KYC completed"
466,LOAN_APPROVED,Account,88,68,"2010-01-24 00:00:00",NULL
467,CARD_ISSUED,Card,362,150,"2012-02-06 00:00:00","Customer request"
468,CARD_ISSUED,Card,63,143,"2016-08-23 00:00:00","Customer request"
469,CARD_ISSUED,Customer,196,140,"2010-04-08 00:00:00",Auto-expired
470,CARD_EXPIRED,Card,74,30,"2016-02-06 00:00:00","Customer request"
471,CARD_BLOCKED,Card,158,133,"2013-10-17 00:00:00","Pending review"
472,ACCOUNT_OPENED,Account,340,145,"2015-04-02 00:00:00","System generated"
473,CARD_ISSUED,Loan,281,14,"2024-04-24 00:00:00","Document verified"
474,LOAN_DEFAULTED,Loan,229,69,"2020-05-31 00:00:00",NULL
475,LOAN_CLOSED,Account,430,NULL,"2013-02-18 00:00:00","Pending review"
476,CARD_BLOCKED,Loan,104,NULL,"2021-09-14 00:00:00","Closed on maturity"
477,CUSTOMER_UPDATED,Card,314,48,"2019-04-10 00:00:00","Pending review"
478,LOAN_DEFAULTED,Loan,319,45,"2014-01-16 00:00:00",Auto-expired
479,LOAN_CLOSED,Customer,297,NULL,"2017-12-24 00:00:00","Fraud detected"
480,ACCOUNT_CLOSED,Loan,178,131,"2017-02-02 00:00:00","Fraud detected"
481,CARD_EXPIRED,Loan,431,97,"2020-01-10 00:00:00","Payment defaulted"
482,CUSTOMER_UPDATED,Account,72,45,"2010-06-28 00:00:00","Payment defaulted"
483,ACCOUNT_OPENED,Loan,238,NULL,"2012-10-04 00:00:00","Document verified"
484,ACCOUNT_CLOSED,Customer,315,76,"2013-01-23 00:00:00","Fraud detected"
485,CARD_ISSUED,Account,344,46,"2016-07-01 00:00:00","Document verified"
486,CUSTOMER_UPDATED,Customer,195,47,"2013-01-30 00:00:00","Payment defaulted"
487,CARD_ISSUED,Account,290,61,"2015-05-01 00:00:00","KYC completed"
488,LOAN_DEFAULTED,Customer,327,11,"2024-03-28 00:00:00","Approved after credit check"
489,ACCOUNT_OPENED,Card,373,12,"2021-08-24 00:00:00","Customer request"
490,CARD_EXPIRED,Loan,170,146,"2012-12-21 00:00:00",NULL
491,LOAN_APPROVED,Account,258,31,"2010-03-29 00:00:00","Approved after credit check"
492,LOAN_CLOSED,Loan,189,138,"2019-08-18 00:00:00","Fraud detected"
493,LOAN_CLOSED,Account,181,7,"2022-05-27 00:00:00","Manual override"
494,LOAN_APPROVED,Loan,448,NULL,"2019-02-08 00:00:00","Closed on maturity"
495,LOAN_APPROVED,Card,51,11,"2024-05-02 00:00:00","Payment defaulted"
496,LOAN_CLOSED,Loan,323,6,"2024-03-06 00:00:00","Pending review"
497,CUSTOMER_UPDATED,Card,17,146,"2016-09-07 00:00:00","Customer request"
498,ACCOUNT_OPENED,Card,239,39,"2013-08-22 00:00:00",NULL
499,CARD_BLOCKED,Card,149,76,"2023-02-18 00:00:00","Fraud detected"
500,ACCOUNT_CLOSED,Loan,421,29,"2020-01-30 00:00:00","Document verified"
501,ACCOUNT_OPENED,Loan,14,34,"2021-08-30 00:00:00","Customer request"
502,LOAN_APPROVED,Account,57,101,"2013-04-09 00:00:00",NULL
503,CARD_ISSUED,Account,232,106,"2012-01-19 00:00:00",Auto-expired
504,LOAN_APPROVED,Loan,179,81,"2018-12-26 00:00:00","Document verified"
505,LOAN_DEFAULTED,Account,186,131,"2020-04-27 00:00:00","Closed on maturity"
506,CARD_BLOCKED,Account,114,120,"2012-08-28 00:00:00","Manual override"
507,CARD_BLOCKED,Card,488,141,"2020-03-21 00:00:00","Fraud detected"
508,ACCOUNT_CLOSED,Card,304,NULL,"2014-01-06 00:00:00","System generated"
509,LOAN_CLOSED,Card,328,NULL,"2012-12-28 00:00:00","Customer request"
510,LOAN_APPROVED,Loan,207,149,"2014-10-14 00:00:00","Customer request"
511,LOAN_CLOSED,Customer,335,44,"2013-11-02 00:00:00","Fraud detected"
512,LOAN_DEFAULTED,Account,77,15,"2016-06-19 00:00:00","KYC completed"
513,CARD_BLOCKED,Customer,1,134,"2013-02-18 00:00:00","Document verified"
514,ACCOUNT_CLOSED,Customer,330,69,"2018-03-11 00:00:00","Closed on maturity"
515,CUSTOMER_UPDATED,Customer,487,11,"2019-09-08 00:00:00","Pending review"
516,CUSTOMER_UPDATED,Card,175,42,"2022-07-26 00:00:00",NULL
517,CARD_BLOCKED,Account,73,76,"2021-10-19 00:00:00","Pending review"
518,CUSTOMER_UPDATED,Account,286,5,"2014-04-08 00:00:00","Customer request"
519,ACCOUNT_CLOSED,Customer,313,115,"2022-02-25 00:00:00","Manual override"
520,ACCOUNT_OPENED,Card,192,94,"2016-01-21 00:00:00","Closed on maturity"
521,ACCOUNT_CLOSED,Card,333,17,"2014-11-24 00:00:00","Manual override"
522,ACCOUNT_CLOSED,Card,85,35,"2022-05-14 00:00:00","System generated"
523,LOAN_CLOSED,Customer,318,144,"2024-06-04 00:00:00","Customer request"
524,ACCOUNT_OPENED,Card,473,149,"2016-11-22 00:00:00","Fraud detected"
525,CARD_ISSUED,Customer,344,12,"2018-12-02 00:00:00","Closed on maturity"
526,CARD_EXPIRED,Loan,82,116,"2024-05-18 00:00:00","Customer request"
527,CARD_BLOCKED,Card,375,NULL,"2016-01-01 00:00:00","Payment defaulted"
528,LOAN_APPROVED,Card,318,25,"2017-04-11 00:00:00","Approved after credit check"
529,CUSTOMER_UPDATED,Account,431,60,"2018-10-04 00:00:00",NULL
530,ACCOUNT_CLOSED,Account,480,90,"2023-10-22 00:00:00","Closed on maturity"
531,LOAN_APPROVED,Customer,50,6,"2022-06-21 00:00:00","KYC completed"
532,LOAN_CLOSED,Card,26,141,"2015-07-11 00:00:00","System generated"
533,LOAN_CLOSED,Card,189,126,"2017-04-26 00:00:00","Customer request"
534,ACCOUNT_CLOSED,Card,41,109,"2013-01-21 00:00:00","Pending review"
535,CARD_EXPIRED,Card,498,46,"2020-02-26 00:00:00","Closed on maturity"
536,LOAN_DEFAULTED,Card,481,57,"2019-12-09 00:00:00","KYC completed"
537,CARD_EXPIRED,Card,312,113,"2017-06-01 00:00:00",NULL
538,CARD_BLOCKED,Loan,174,12,"2014-07-03 00:00:00",NULL
539,CARD_EXPIRED,Account,477,104,"2013-05-08 00:00:00","KYC completed"
540,CARD_BLOCKED,Customer,69,42,"2017-02-08 00:00:00",Auto-expired
541,LOAN_APPROVED,Customer,182,26,"2023-09-04 00:00:00","Closed on maturity"
542,ACCOUNT_CLOSED,Customer,245,NULL,"2024-05-30 00:00:00",NULL
543,ACCOUNT_OPENED,Card,118,73,"2015-01-23 00:00:00","KYC completed"
544,ACCOUNT_OPENED,Customer,421,115,"2019-01-21 00:00:00",Auto-expired
545,CARD_EXPIRED,Account,66,19,"2024-01-31 00:00:00","Pending review"
546,ACCOUNT_CLOSED,Card,42,14,"2013-04-14 00:00:00","Fraud detected"
547,ACCOUNT_CLOSED,Card,267,NULL,"2013-03-04 00:00:00","KYC completed"
548,CARD_BLOCKED,Customer,446,34,"2016-01-26 00:00:00","Approved after credit check"
549,LOAN_DEFAULTED,Account,280,72,"2020-12-08 00:00:00","Closed on maturity"
550,CARD_EXPIRED,Card,208,76,"2023-12-20 00:00:00","Document verified"
551,LOAN_APPROVED,Account,227,129,"2023-06-10 00:00:00",Auto-expired
552,CUSTOMER_UPDATED,Customer,109,23,"2010-04-08 00:00:00","KYC completed"
553,LOAN_CLOSED,Card,280,108,"2010-03-12 00:00:00",NULL
554,CARD_BLOCKED,Loan,217,NULL,"2015-01-07 00:00:00",Auto-expired
555,LOAN_APPROVED,Customer,258,66,"2018-02-24 00:00:00","KYC completed"
556,CARD_ISSUED,Card,374,84,"2017-02-14 00:00:00","System generated"
557,CARD_ISSUED,Loan,259,21,"2018-02-25 00:00:00",NULL
558,LOAN_APPROVED,Loan,414,NULL,"2014-04-27 00:00:00","Customer request"
559,CARD_EXPIRED,Loan,498,65,"2023-09-03 00:00:00","Closed on maturity"
560,LOAN_APPROVED,Account,330,58,"2024-06-17 00:00:00","Approved after credit check"
561,CUSTOMER_UPDATED,Loan,55,79,"2011-09-28 00:00:00",Auto-expired
562,ACCOUNT_OPENED,Card,113,141,"2023-02-27 00:00:00","System generated"
563,ACCOUNT_CLOSED,Account,488,127,"2011-08-31 00:00:00","KYC completed"
564,CARD_BLOCKED,Account,467,83,"2020-02-19 00:00:00","System generated"
565,CARD_ISSUED,Account,201,NULL,"2011-07-06 00:00:00","Approved after credit check"
566,ACCOUNT_OPENED,Account,480,90,"2019-05-13 00:00:00",Auto-expired
567,LOAN_CLOSED,Card,428,85,"2021-11-06 00:00:00","Fraud detected"
568,CARD_ISSUED,Customer,37,67,"2022-06-28 00:00:00","System generated"
569,CARD_EXPIRED,Account,273,111,"2015-10-31 00:00:00","Manual override"
570,LOAN_DEFAULTED,Account,59,127,"2013-05-12 00:00:00","Approved after credit check"
571,LOAN_APPROVED,Loan,59,NULL,"2010-09-05 00:00:00",NULL
572,LOAN_DEFAULTED,Customer,262,NULL,"2019-05-14 00:00:00","Closed on maturity"
573,LOAN_APPROVED,Account,352,87,"2016-04-05 00:00:00",Auto-expired
574,CARD_ISSUED,Account,327,141,"2016-01-12 00:00:00","Pending review"
575,LOAN_CLOSED,Customer,253,108,"2012-01-15 00:00:00","System generated"
576,ACCOUNT_OPENED,Account,396,98,"2017-11-15 00:00:00","Fraud detected"
577,ACCOUNT_OPENED,Card,429,93,"2020-09-03 00:00:00","Payment defaulted"
578,CUSTOMER_UPDATED,Customer,418,9,"2016-07-08 00:00:00","System generated"
579,LOAN_APPROVED,Customer,295,72,"2020-11-01 00:00:00","System generated"
580,LOAN_DEFAULTED,Card,193,60,"2021-12-26 00:00:00","Payment defaulted"
581,ACCOUNT_OPENED,Loan,335,40,"2017-06-10 00:00:00","System generated"
582,CARD_BLOCKED,Account,258,7,"2023-01-26 00:00:00","KYC completed"
583,ACCOUNT_OPENED,Card,17,NULL,"2021-09-18 00:00:00","Closed on maturity"
584,CARD_ISSUED,Card,268,96,"2011-03-24 00:00:00",Auto-expired
585,CARD_BLOCKED,Account,326,5,"2016-08-17 00:00:00","Document verified"
586,CARD_BLOCKED,Account,213,3,"2014-05-06 00:00:00","Document verified"
587,CUSTOMER_UPDATED,Loan,253,79,"2012-02-13 00:00:00","Payment defaulted"
588,CARD_ISSUED,Card,329,105,"2010-03-12 00:00:00",NULL
589,CARD_EXPIRED,Card,272,65,"2022-09-09 00:00:00","Approved after credit check"
590,CUSTOMER_UPDATED,Loan,407,69,"2015-07-25 00:00:00","KYC completed"
591,LOAN_APPROVED,Account,216,47,"2021-07-04 00:00:00",Auto-expired
592,LOAN_DEFAULTED,Customer,135,135,"2010-04-01 00:00:00","Approved after credit check"
593,ACCOUNT_CLOSED,Customer,25,103,"2022-10-15 00:00:00",NULL
594,LOAN_CLOSED,Account,130,131,"2020-04-18 00:00:00","KYC completed"
595,CARD_ISSUED,Card,360,3,"2013-07-07 00:00:00","KYC completed"
596,LOAN_CLOSED,Account,285,NULL,"2021-05-19 00:00:00","Customer request"
597,ACCOUNT_OPENED,Loan,281,43,"2020-05-19 00:00:00","Closed on maturity"
598,CUSTOMER_UPDATED,Account,371,NULL,"2012-04-30 00:00:00","Manual override"
599,ACCOUNT_CLOSED,Card,93,97,"2010-02-02 00:00:00","Manual override"
600,CARD_BLOCKED,Customer,204,43,"2016-11-24 00:00:00","Closed on maturity"
601,CARD_EXPIRED,Card,38,66,"2022-11-01 00:00:00","Closed on maturity"
602,CARD_ISSUED,Card,25,106,"2024-06-25 00:00:00","System generated"
603,LOAN_DEFAULTED,Card,376,101,"2019-06-29 00:00:00",NULL
604,CARD_EXPIRED,Customer,149,16,"2013-07-13 00:00:00",NULL
605,CARD_BLOCKED,Account,312,93,"2017-03-05 00:00:00","Fraud detected"
606,ACCOUNT_CLOSED,Customer,309,60,"2011-03-15 00:00:00","Payment defaulted"
607,LOAN_DEFAULTED,Card,34,27,"2023-07-18 00:00:00","Manual override"
608,CARD_BLOCKED,Loan,328,67,"2021-07-02 00:00:00",NULL
609,CARD_BLOCKED,Loan,251,132,"2020-06-18 00:00:00",NULL
610,LOAN_CLOSED,Card,17,119,"2017-09-13 00:00:00",Auto-expired
611,ACCOUNT_CLOSED,Loan,155,143,"2018-08-30 00:00:00","Manual override"
612,CARD_BLOCKED,Card,202,91,"2011-03-08 00:00:00","Manual override"
613,ACCOUNT_OPENED,Customer,286,18,"2014-05-04 00:00:00","Manual override"
614,LOAN_CLOSED,Card,48,127,"2018-12-04 00:00:00","Payment defaulted"
615,CUSTOMER_UPDATED,Loan,205,43,"2018-07-04 00:00:00","Approved after credit check"
616,CUSTOMER_UPDATED,Account,140,97,"2012-06-02 00:00:00","Closed on maturity"
617,ACCOUNT_OPENED,Customer,423,144,"2017-12-21 00:00:00","Customer request"
618,LOAN_DEFAULTED,Card,363,99,"2013-11-26 00:00:00","KYC completed"
619,CARD_BLOCKED,Card,415,NULL,"2022-05-30 00:00:00","KYC completed"
620,ACCOUNT_CLOSED,Account,335,64,"2024-03-17 00:00:00","KYC completed"
621,CARD_ISSUED,Account,196,24,"2019-04-13 00:00:00","Closed on maturity"
622,ACCOUNT_OPENED,Account,324,NULL,"2010-11-27 00:00:00","Closed on maturity"
623,ACCOUNT_CLOSED,Card,16,6,"2013-01-04 00:00:00","Customer request"
624,ACCOUNT_CLOSED,Card,324,65,"2019-07-09 00:00:00","System generated"
625,CUSTOMER_UPDATED,Customer,242,58,"2014-04-20 00:00:00",NULL
626,CARD_ISSUED,Card,266,118,"2016-04-12 00:00:00","KYC completed"
627,CARD_EXPIRED,Account,253,37,"2019-02-15 00:00:00","Document verified"
628,CARD_ISSUED,Card,363,95,"2015-02-16 00:00:00","Document verified"
629,ACCOUNT_OPENED,Customer,256,149,"2016-05-30 00:00:00","Customer request"
630,CUSTOMER_UPDATED,Card,360,122,"2010-03-23 00:00:00","Document verified"
631,LOAN_DEFAULTED,Account,362,64,"2013-11-10 00:00:00","Customer request"
632,CARD_EXPIRED,Loan,122,103,"2018-05-07 00:00:00","Fraud detected"
633,LOAN_CLOSED,Loan,486,37,"2020-12-08 00:00:00","KYC completed"
634,LOAN_APPROVED,Account,100,116,"2013-01-11 00:00:00","Pending review"
635,ACCOUNT_CLOSED,Account,474,9,"2015-05-19 00:00:00","Customer request"
636,CARD_BLOCKED,Customer,249,5,"2014-04-09 00:00:00","Fraud detected"
637,CARD_EXPIRED,Card,369,81,"2017-08-25 00:00:00",NULL
638,CARD_BLOCKED,Loan,399,60,"2021-03-13 00:00:00",NULL
639,ACCOUNT_CLOSED,Loan,349,73,"2021-04-21 00:00:00","System generated"
640,LOAN_APPROVED,Card,6,52,"2015-12-22 00:00:00","Document verified"
641,CARD_ISSUED,Card,129,147,"2023-06-16 00:00:00","Customer request"
642,LOAN_APPROVED,Loan,122,12,"2020-05-21 00:00:00","Approved after credit check"
643,LOAN_APPROVED,Customer,138,85,"2023-06-10 00:00:00","Document verified"
644,ACCOUNT_OPENED,Loan,352,110,"2015-05-14 00:00:00","Document verified"
645,LOAN_APPROVED,Loan,448,133,"2013-12-27 00:00:00","Pending review"
646,LOAN_DEFAULTED,Card,241,114,"2016-10-26 00:00:00","KYC completed"
647,LOAN_DEFAULTED,Loan,344,56,"2010-05-11 00:00:00","Customer request"
648,LOAN_APPROVED,Account,3,115,"2020-04-11 00:00:00","Closed on maturity"
649,LOAN_DEFAULTED,Card,180,40,"2014-05-26 00:00:00","Customer request"
650,LOAN_CLOSED,Card,480,44,"2024-01-23 00:00:00","KYC completed"
651,CARD_BLOCKED,Account,67,143,"2021-11-08 00:00:00","Customer request"
652,CARD_ISSUED,Customer,40,149,"2013-11-17 00:00:00","Payment defaulted"
653,ACCOUNT_OPENED,Loan,453,86,"2022-03-13 00:00:00","Document verified"
654,LOAN_APPROVED,Loan,356,55,"2020-04-14 00:00:00","Fraud detected"
655,CUSTOMER_UPDATED,Loan,52,128,"2018-03-31 00:00:00","Pending review"
656,LOAN_DEFAULTED,Account,120,112,"2017-08-24 00:00:00",NULL
657,CARD_BLOCKED,Card,375,39,"2021-12-20 00:00:00","KYC completed"
658,CUSTOMER_UPDATED,Loan,319,103,"2010-09-24 00:00:00","Pending review"
659,CUSTOMER_UPDATED,Loan,224,92,"2017-04-01 00:00:00","Customer request"
660,CUSTOMER_UPDATED,Loan,299,147,"2015-01-13 00:00:00","Closed on maturity"
661,ACCOUNT_CLOSED,Account,164,122,"2019-12-27 00:00:00","Pending review"
662,CARD_BLOCKED,Account,58,79,"2024-05-15 00:00:00","Fraud detected"
663,LOAN_CLOSED,Loan,309,52,"2016-07-29 00:00:00",Auto-expired
664,LOAN_APPROVED,Account,436,61,"2020-09-02 00:00:00","Closed on maturity"
665,CARD_EXPIRED,Customer,14,NULL,"2019-06-14 00:00:00","Payment defaulted"
666,CARD_EXPIRED,Customer,396,129,"2016-03-01 00:00:00","Pending review"
667,CARD_ISSUED,Loan,401,51,"2014-10-16 00:00:00",Auto-expired
668,LOAN_DEFAULTED,Customer,95,101,"2010-10-20 00:00:00","KYC completed"
669,LOAN_DEFAULTED,Card,36,24,"2010-07-17 00:00:00","Pending review"
670,LOAN_DEFAULTED,Loan,420,NULL,"2010-05-11 00:00:00","Pending review"
671,ACCOUNT_CLOSED,Card,362,98,"2021-01-03 00:00:00","Manual override"
672,LOAN_DEFAULTED,Loan,474,109,"2019-03-05 00:00:00","Approved after credit check"
673,CUSTOMER_UPDATED,Account,261,115,"2020-09-12 00:00:00","Document verified"
674,CARD_BLOCKED,Loan,345,134,"2020-12-12 00:00:00","Closed on maturity"
675,CUSTOMER_UPDATED,Customer,340,150,"2022-07-06 00:00:00","Payment defaulted"
676,LOAN_DEFAULTED,Customer,37,68,"2010-01-07 00:00:00","Document verified"
677,ACCOUNT_OPENED,Loan,58,92,"2019-09-02 00:00:00","Fraud detected"
678,ACCOUNT_CLOSED,Account,100,61,"2017-04-27 00:00:00","Closed on maturity"
679,CARD_ISSUED,Loan,414,72,"2018-07-29 00:00:00",NULL
680,CARD_ISSUED,Account,394,68,"2024-06-05 00:00:00","System generated"
681,CARD_BLOCKED,Customer,349,25,"2015-07-14 00:00:00","Approved after credit check"
682,ACCOUNT_CLOSED,Card,90,117,"2010-09-27 00:00:00",Auto-expired
683,LOAN_CLOSED,Card,234,125,"2013-06-12 00:00:00","Manual override"
684,CARD_EXPIRED,Card,112,112,"2022-08-30 00:00:00","Document verified"
685,ACCOUNT_CLOSED,Customer,239,NULL,"2023-09-08 00:00:00","KYC completed"
686,CARD_BLOCKED,Card,485,45,"2019-05-01 00:00:00","Customer request"
687,CARD_EXPIRED,Card,395,110,"2022-01-07 00:00:00","System generated"
688,CARD_ISSUED,Account,185,28,"2014-08-22 00:00:00","Manual override"
689,CUSTOMER_UPDATED,Customer,482,128,"2010-11-07 00:00:00","Customer request"
690,LOAN_APPROVED,Customer,195,64,"2021-03-22 00:00:00","Document verified"
691,CARD_ISSUED,Card,378,22,"2021-07-18 00:00:00","Pending review"
692,CUSTOMER_UPDATED,Loan,286,130,"2017-05-26 00:00:00",NULL
693,LOAN_APPROVED,Loan,443,NULL,"2019-08-25 00:00:00","System generated"
694,ACCOUNT_OPENED,Loan,71,69,"2015-11-23 00:00:00","Manual override"
695,ACCOUNT_CLOSED,Loan,46,98,"2012-10-18 00:00:00","Closed on maturity"
696,ACCOUNT_CLOSED,Customer,490,144,"2012-08-08 00:00:00",NULL
697,LOAN_APPROVED,Loan,280,126,"2017-10-11 00:00:00","Payment defaulted"
698,LOAN_APPROVED,Account,232,138,"2022-12-08 00:00:00",NULL
699,LOAN_DEFAULTED,Card,188,NULL,"2015-03-13 00:00:00","Closed on maturity"
700,LOAN_APPROVED,Customer,76,54,"2018-01-15 00:00:00","Document verified"
701,LOAN_APPROVED,Account,125,143,"2010-10-02 00:00:00","Manual override"
702,ACCOUNT_OPENED,Account,120,43,"2015-04-01 00:00:00","KYC completed"
703,LOAN_APPROVED,Customer,364,97,"2022-06-04 00:00:00","Payment defaulted"
704,ACCOUNT_OPENED,Account,339,NULL,"2018-11-15 00:00:00",NULL
705,LOAN_CLOSED,Customer,215,96,"2018-12-08 00:00:00","Fraud detected"
706,LOAN_APPROVED,Card,233,7,"2012-11-26 00:00:00","Document verified"
707,CARD_EXPIRED,Account,331,98,"2024-05-20 00:00:00",NULL
708,CUSTOMER_UPDATED,Account,180,68,"2016-05-25 00:00:00","Manual override"
709,CARD_ISSUED,Account,307,7,"2016-05-12 00:00:00","Fraud detected"
710,LOAN_CLOSED,Card,387,58,"2012-04-18 00:00:00",NULL
711,LOAN_CLOSED,Card,301,37,"2024-06-20 00:00:00","Document verified"
712,CARD_EXPIRED,Customer,15,49,"2013-01-16 00:00:00","Payment defaulted"
713,LOAN_APPROVED,Card,446,52,"2012-09-29 00:00:00","Document verified"
714,ACCOUNT_OPENED,Account,78,65,"2023-05-24 00:00:00",NULL
715,LOAN_DEFAULTED,Customer,348,14,"2016-01-21 00:00:00","Closed on maturity"
716,LOAN_APPROVED,Card,446,117,"2011-06-13 00:00:00",Auto-expired
717,ACCOUNT_OPENED,Loan,192,17,"2014-06-29 00:00:00","Document verified"
718,ACCOUNT_OPENED,Loan,243,NULL,"2012-06-02 00:00:00","System generated"
719,CUSTOMER_UPDATED,Loan,194,115,"2014-02-04 00:00:00","Payment defaulted"
720,LOAN_APPROVED,Customer,292,83,"2015-12-25 00:00:00","Manual override"
721,LOAN_DEFAULTED,Card,40,147,"2012-12-24 00:00:00",Auto-expired
722,LOAN_DEFAULTED,Customer,117,72,"2012-05-21 00:00:00","Closed on maturity"
723,CUSTOMER_UPDATED,Loan,26,146,"2017-08-17 00:00:00","Closed on maturity"
724,LOAN_APPROVED,Account,274,NULL,"2019-08-02 00:00:00",NULL
725,CARD_ISSUED,Card,468,132,"2018-02-25 00:00:00","Closed on maturity"
726,LOAN_DEFAULTED,Account,242,68,"2018-04-01 00:00:00","Pending review"
727,ACCOUNT_CLOSED,Account,75,37,"2022-05-04 00:00:00","Document verified"
728,CARD_ISSUED,Account,99,NULL,"2015-08-31 00:00:00",Auto-expired
729,ACCOUNT_CLOSED,Account,237,12,"2024-02-05 00:00:00","Document verified"
730,CARD_EXPIRED,Customer,256,30,"2024-06-07 00:00:00","Closed on maturity"
731,ACCOUNT_CLOSED,Card,373,138,"2014-01-16 00:00:00","Manual override"
732,CARD_ISSUED,Customer,386,129,"2015-08-27 00:00:00",NULL
733,ACCOUNT_CLOSED,Customer,341,117,"2019-10-18 00:00:00",NULL
734,LOAN_CLOSED,Loan,40,53,"2024-01-19 00:00:00","Customer request"
735,LOAN_CLOSED,Loan,204,139,"2011-10-10 00:00:00","Fraud detected"
736,LOAN_APPROVED,Loan,132,80,"2012-10-19 00:00:00","Fraud detected"
737,LOAN_APPROVED,Customer,120,63,"2024-03-21 00:00:00","Closed on maturity"
738,ACCOUNT_OPENED,Loan,261,25,"2011-04-11 00:00:00","Fraud detected"
739,LOAN_CLOSED,Customer,490,104,"2015-02-01 00:00:00","Document verified"
740,CUSTOMER_UPDATED,Loan,337,19,"2017-06-10 00:00:00","KYC completed"
741,ACCOUNT_CLOSED,Account,211,25,"2014-11-18 00:00:00","Fraud detected"
742,CARD_ISSUED,Account,128,150,"2017-05-12 00:00:00","Document verified"
743,CARD_EXPIRED,Account,13,21,"2015-06-03 00:00:00",Auto-expired
744,CARD_BLOCKED,Loan,343,NULL,"2011-12-12 00:00:00","Customer request"
745,LOAN_APPROVED,Loan,373,107,"2017-04-29 00:00:00","System generated"
746,ACCOUNT_OPENED,Account,279,29,"2015-10-08 00:00:00","Fraud detected"
747,ACCOUNT_OPENED,Loan,248,22,"2017-04-06 00:00:00","Document verified"
748,CARD_EXPIRED,Customer,70,62,"2014-03-29 00:00:00","Customer request"
749,LOAN_CLOSED,Loan,196,124,"2022-08-13 00:00:00","Manual override"
750,CARD_ISSUED,Card,280,2,"2010-04-08 00:00:00",NULL
751,CARD_EXPIRED,Customer,32,NULL,"2010-10-20 00:00:00","Pending review"
752,LOAN_DEFAULTED,Card,153,99,"2020-10-22 00:00:00","Fraud detected"
753,CARD_BLOCKED,Loan,157,58,"2021-11-08 00:00:00","System generated"
754,LOAN_APPROVED,Loan,272,23,"2021-04-26 00:00:00",Auto-expired
755,CARD_ISSUED,Loan,22,121,"2023-10-12 00:00:00","Closed on maturity"
756,CARD_EXPIRED,Loan,498,90,"2022-01-27 00:00:00",Auto-expired
757,CARD_BLOCKED,Loan,44,22,"2019-07-28 00:00:00","Customer request"
758,CARD_ISSUED,Loan,331,47,"2010-08-25 00:00:00","Document verified"
759,CARD_ISSUED,Loan,271,143,"2022-11-15 00:00:00","System generated"
760,ACCOUNT_OPENED,Loan,448,143,"2012-02-21 00:00:00","Fraud detected"
761,CUSTOMER_UPDATED,Customer,65,NULL,"2024-04-05 00:00:00","Customer request"
762,LOAN_DEFAULTED,Customer,331,84,"2012-10-19 00:00:00","Manual override"
763,CARD_BLOCKED,Loan,270,51,"2022-09-05 00:00:00","KYC completed"
764,CARD_EXPIRED,Account,99,NULL,"2017-05-28 00:00:00","Pending review"
765,CARD_EXPIRED,Loan,228,16,"2018-10-31 00:00:00",NULL
766,LOAN_APPROVED,Loan,92,NULL,"2019-09-05 00:00:00","Customer request"
767,ACCOUNT_CLOSED,Account,359,2,"2022-06-03 00:00:00","KYC completed"
768,CARD_ISSUED,Card,4,4,"2020-06-05 00:00:00","Fraud detected"
769,ACCOUNT_OPENED,Loan,262,75,"2016-06-09 00:00:00","Pending review"
770,CARD_BLOCKED,Account,37,112,"2013-11-07 00:00:00","Fraud detected"
771,CARD_EXPIRED,Account,493,NULL,"2020-09-20 00:00:00","Manual override"
772,CARD_ISSUED,Account,97,25,"2015-07-11 00:00:00",NULL
773,CARD_EXPIRED,Card,103,115,"2020-02-13 00:00:00","Pending review"
774,CARD_EXPIRED,Customer,294,98,"2013-10-20 00:00:00",NULL
775,CARD_BLOCKED,Card,226,15,"2012-10-15 00:00:00","Payment defaulted"
776,CUSTOMER_UPDATED,Account,139,17,"2022-10-19 00:00:00","Manual override"
777,CARD_BLOCKED,Customer,465,89,"2015-12-23 00:00:00","Fraud detected"
778,LOAN_CLOSED,Card,326,93,"2023-08-09 00:00:00","Manual override"
779,CARD_EXPIRED,Account,26,39,"2013-06-02 00:00:00","Payment defaulted"
780,CARD_EXPIRED,Customer,412,NULL,"2017-10-11 00:00:00","KYC completed"
781,ACCOUNT_CLOSED,Account,395,NULL,"2017-06-03 00:00:00","Approved after credit check"
782,CUSTOMER_UPDATED,Loan,278,28,"2017-04-14 00:00:00","Approved after credit check"
783,CARD_BLOCKED,Account,448,135,"2024-03-19 00:00:00","Document verified"
784,CARD_BLOCKED,Card,347,4,"2017-10-30 00:00:00","Payment defaulted"
785,CARD_EXPIRED,Account,426,NULL,"2019-04-11 00:00:00",Auto-expired
786,CARD_EXPIRED,Customer,63,44,"2020-01-08 00:00:00","Customer request"
787,CUSTOMER_UPDATED,Loan,491,99,"2022-06-20 00:00:00","Closed on maturity"
788,ACCOUNT_OPENED,Loan,78,23,"2015-05-09 00:00:00","Closed on maturity"
789,CARD_BLOCKED,Account,74,94,"2018-02-03 00:00:00","Manual override"
790,LOAN_APPROVED,Loan,283,132,"2023-01-04 00:00:00",Auto-expired
791,CARD_ISSUED,Account,175,29,"2010-07-06 00:00:00","System generated"
792,CARD_EXPIRED,Card,354,41,"2020-03-06 00:00:00","KYC completed"
793,ACCOUNT_OPENED,Account,500,29,"2013-05-31 00:00:00","Document verified"
794,CARD_BLOCKED,Card,367,119,"2021-03-19 00:00:00","Payment defaulted"
795,LOAN_APPROVED,Account,414,15,"2016-10-04 00:00:00","Pending review"
796,CARD_BLOCKED,Customer,196,NULL,"2022-06-04 00:00:00","Pending review"
797,ACCOUNT_OPENED,Card,497,93,"2012-04-04 00:00:00","Pending review"
798,LOAN_CLOSED,Loan,273,101,"2010-05-29 00:00:00","Manual override"
799,CARD_BLOCKED,Card,250,NULL,"2018-03-08 00:00:00","Closed on maturity"
800,CUSTOMER_UPDATED,Loan,173,28,"2011-09-29 00:00:00","Pending review"
