customer_id,full_name,cnic,dob,gender,city,phone,email,occupation,monthly_income,branch_id,created_at
1,"Kamran Hussain",61101-4804654-7,1985-03-08,Male,Multan,0312-5202648,kamran332@hotmail.com,Nurse,NULL,41,"2026-04-29 20:28:44"
2,"Ali Farooq",42101-6288028-4,1989-09-28,Male,Lahore,0312-5500094,ali922@hotmail.com,Retired,333418.74,8,"2026-04-29 20:28:44"
3,"Imran Siddiqui",42201-6118052-9,1980-04-17,Male,Multan,0300-6955061,imran238@gmail.com,Freelancer,NULL,21,"2026-04-29 20:28:44"
4,"Rabia Aziz",42201-2242539-1,NULL,Female,Karachi,0312-6763986,rabia636@yahoo.com,Businessman,209473.58,43,"2026-04-29 20:28:44"
5,"Ayesha Javed",38401-7203635-8,1999-04-19,Female,Islamabad,0311-5409445,ayesha335@hotmail.com,Doctor,128476.86,3,"2026-04-29 20:28:44"
6,"Tariq Mirza",61101-2719137-5,1987-11-15,Male,Quetta,0312-4567589,tariq453@hotmail.com,Engineer,136317.62,50,"2026-04-29 20:28:44"
7,"Hina Khan",35201-9291061-8,1993-11-06,Female,Lahore,0345-4945681,hina620@hotmail.com,Doctor,194309.88,14,"2026-04-29 20:28:44"
8,"Sajid Raza",35401-9222239-6,1963-10-26,Male,Peshawar,0300-1797829,sajid577@gmail.com,"Govt Employee",400356.63,43,"2026-04-29 20:28:44"
9,"Muhammad Butt",38401-6375810-4,1988-09-18,Male,Multan,0300-8209424,muhammad851@yahoo.com,Lawyer,318555.11,12,"2026-04-29 20:28:44"
10,"Hina Iqbal",38401-4099275-7,1964-04-26,Female,Multan,0321-9831305,hina312@yahoo.com,Accountant,334234.28,3,"2026-04-29 20:28:44"
11,"Tariq Akhtar",35401-3154716-5,1969-10-03,Male,Faisalabad,0311-9415619,tariq314@yahoo.com,"HR Manager",220265.01,10,"2026-04-29 20:28:44"
12,"Asad Saleem",42201-9430411-4,1986-12-31,Male,Quetta,0300-4804987,asad570@yahoo.com,Engineer,358797.35,26,"2026-04-29 20:28:44"
13,"Muhammad Farooq",42101-8143036-8,1960-03-19,Male,Karachi,0311-2477798,muhammad796@gmail.com,Doctor,134571.32,20,"2026-04-29 20:28:44"
14,"Aamir Baloch",21301-4186946-2,1974-07-08,Male,Multan,0311-4657698,aamir305@yahoo.com,Teacher,435689.64,31,"2026-04-29 20:28:44"
15,"Sana Baig",42201-1721699-6,1984-10-26,Female,Peshawar,0312-4501392,sana831@hotmail.com,"Govt Employee",433226.01,39,"2026-04-29 20:28:44"
16,"Amna Malik",21301-9688798-9,1960-09-25,Female,Quetta,0345-6772038,amna157@gmail.com,Businessman,430890.30,36,"2026-04-29 20:28:44"
17,"Mehwish Malik",61101-6518103-2,1973-04-04,Female,Multan,0301-6757323,mehwish434@gmail.com,Teacher,64301.08,26,"2026-04-29 20:28:44"
18,"Amna Aziz",35401-7251622-7,1969-02-20,Female,Faisalabad,0321-3258447,amna65@yahoo.com,Engineer,158200.49,16,"2026-04-29 20:28:44"
19,"Raheel Baloch",35201-5632774-7,1966-01-18,Male,Peshawar,0311-3175103,raheel295@hotmail.com,Engineer,252393.56,10,"2026-04-29 20:28:44"
20,"Salman Saleem",61101-3153148-5,1993-04-24,Male,Islamabad,0300-6798572,salman31@yahoo.com,Businessman,153146.52,50,"2026-04-29 20:28:44"
21,"Omar Mehmood",38401-2172531-6,1965-10-13,Male,Peshawar,0321-9985918,NULL,Nurse,421167.10,29,"2026-04-29 20:28:44"
22,"Kashif Saleem",38401-8686650-8,1960-02-21,Male,Karachi,0301-1749398,kashif622@gmail.com,"Govt Employee",78374.33,36,"2026-04-29 20:28:44"
23,"Gulnaz Gul",42101-1547293-5,NULL,Female,Multan,0301-5180321,gulnaz584@yahoo.com,Lecturer,145799.72,23,"2026-04-29 20:28:44"
24,"Adnan Ahmed",38401-6530950-6,1969-01-04,Male,Peshawar,0333-5428220,adnan182@hotmail.com,Businessman,200294.71,17,"2026-04-29 20:28:44"
25,"Hira Khan",61101-3884154-1,1970-05-25,Female,Karachi,0301-1298427,hira164@hotmail.com,Retailer,192202.51,26,"2026-04-29 20:28:44"
26,"Tariq Baig",38401-3783618-1,1980-10-18,Male,Islamabad,0321-9075546,tariq645@yahoo.com,Accountant,84956.18,40,"2026-04-29 20:28:44"
27,"Zubair Siddiqui",61101-3572759-8,1965-04-12,Male,Faisalabad,0301-7656660,zubair339@yahoo.com,Trader,324216.68,6,"2026-04-29 20:28:44"
28,"Kashif Hussain",38401-7487533-3,1991-12-13,Male,Islamabad,0312-6723174,NULL,Teacher,NULL,31,"2026-04-29 20:28:44"
29,"Sana Raza",35401-6691432-9,NULL,Female,Karachi,0301-8191672,sana611@hotmail.com,"HR Manager",96669.37,10,"2026-04-29 20:28:44"
30,"Kiran Baig",21301-3278522-8,1980-10-25,Female,Karachi,0333-9702053,kiran499@hotmail.com,Student,222194.25,7,"2026-04-29 20:28:44"
31,"Fatima Baloch",35401-4233972-2,1960-07-09,Female,Islamabad,0333-6274219,fatima849@gmail.com,Lawyer,76736.54,36,"2026-04-29 20:28:44"
32,"Amna Khan",42101-3119506-4,1969-11-24,Female,Faisalabad,0311-5258814,amna21@yahoo.com,Teacher,350974.13,3,"2026-04-29 20:28:44"
33,"Kamran Gul",42201-4579635-9,1968-04-01,Male,Islamabad,0321-8990460,kamran361@yahoo.com,Trader,32391.25,29,"2026-04-29 20:28:44"
34,"Hassan Dar",42101-4581919-7,1972-08-31,Male,Faisalabad,0311-7187335,hassan349@gmail.com,Lecturer,153179.90,42,"2026-04-29 20:28:44"
35,"Rubab Akhtar",42101-8877355-1,1987-02-17,Female,Multan,0321-2813416,rubab957@gmail.com,Contractor,418690.80,1,"2026-04-29 20:28:44"
36,"Imran Baig",35201-6688996-5,1993-05-11,Male,Lahore,0333-3807113,imran618@gmail.com,Student,NULL,43,"2026-04-29 20:28:44"
37,"Ayesha Ali",21301-4392367-2,1998-09-02,Female,Lahore,0312-5120422,ayesha56@gmail.com,Student,382872.64,1,"2026-04-29 20:28:44"
38,"Fareeha Qureshi",35401-5505867-8,1968-01-08,Female,Karachi,0301-1384187,fareeha673@gmail.com,Retailer,224456.67,4,"2026-04-29 20:28:44"
39,"Faisal Afridi",35201-5343253-4,1970-09-22,Male,Multan,0312-5250128,faisal442@gmail.com,Businessman,99786.76,41,"2026-04-29 20:28:44"
40,"Asad Akhtar",35401-7037070-3,1997-08-06,Male,Faisalabad,0311-4903782,asad220@yahoo.com,"Sales Manager",434379.82,13,"2026-04-29 20:28:44"
41,"Rabia Iqbal",61101-1627822-4,1980-12-13,Female,Faisalabad,0301-4443106,rabia103@hotmail.com,Teacher,445402.27,18,"2026-04-29 20:28:44"
42,"Sara Ali",42101-3850620-1,1965-07-13,Female,Multan,0300-2324917,sara20@hotmail.com,"HR Manager",372771.65,50,"2026-04-29 20:28:44"
43,"Zara Mehmood",35401-1786967-7,1968-10-15,Female,Quetta,0333-6379526,zara946@gmail.com,Retailer,155585.22,3,"2026-04-29 20:28:44"
44,"Waqar Qureshi",42101-9644059-9,1989-03-28,Male,Karachi,0345-8837924,waqar114@yahoo.com,"Govt Employee",77614.94,11,"2026-04-29 20:28:44"
45,"Hina Malik",42201-3187248-3,1997-10-27,Female,Multan,0345-5443049,hina83@gmail.com,Retired,252685.86,44,"2026-04-29 20:28:44"
46,"Nimra Gul",35401-5544640-5,1965-10-29,Female,Quetta,0311-8795921,nimra551@yahoo.com,Lecturer,361984.95,39,"2026-04-29 20:28:44"
47,"Omar Ali",38401-2167506-3,1999-08-21,Male,Faisalabad,0345-3103158,omar537@hotmail.com,Retailer,144867.71,12,"2026-04-29 20:28:44"
48,"Sheeza Ahmed",42101-4318276-9,1976-03-15,Female,Karachi,0312-9092293,sheeza358@hotmail.com,Accountant,311197.35,14,"2026-04-29 20:28:44"
49,"Maira Hussain",61101-9508317-2,1981-08-22,Female,Peshawar,0345-3099877,maira488@yahoo.com,"Sales Manager",407411.55,14,"2026-04-29 20:28:44"
50,"Sara Saleem",35401-5704462-1,1960-08-21,Female,Faisalabad,0333-3138362,sara637@hotmail.com,Businessman,348511.97,37,"2026-04-29 20:28:44"
51,"Aamir Baig",42201-3618530-1,1964-08-13,Male,Islamabad,0300-8279292,aamir313@hotmail.com,Freelancer,397851.69,48,"2026-04-29 20:28:44"
52,"Sara Gul",42101-8633864-6,1974-07-11,Female,Multan,0301-1415605,sara659@gmail.com,"Software Dev",406035.69,14,"2026-04-29 20:28:44"
53,"Sajid Akhtar",38401-1744783-5,1996-09-25,Male,Peshawar,0333-5283977,NULL,Nurse,60528.75,12,"2026-04-29 20:28:44"
54,"Bushra Gul",42201-4511346-7,1996-04-26,Female,Multan,0300-2149259,bushra849@yahoo.com,Lawyer,239467.18,5,"2026-04-29 20:28:44"
55,"Hamza Hussain",61101-5904882-8,1985-02-14,Male,Faisalabad,0301-6540303,hamza601@yahoo.com,Trader,215652.73,48,"2026-04-29 20:28:44"
56,"Omar Farooq",35401-9085166-5,1991-02-23,Male,Islamabad,0321-2265050,NULL,Lecturer,251995.24,29,"2026-04-29 20:28:44"
57,"Amna Ahmed",21301-4669459-2,1998-09-23,Female,Peshawar,0333-9051032,amna19@gmail.com,"Software Dev",190070.62,9,"2026-04-29 20:28:44"
58,"Asad Siddiqui",21301-6991654-2,1985-09-05,Male,Peshawar,0333-1535532,asad773@gmail.com,Freelancer,398109.28,9,"2026-04-29 20:28:44"
59,"Asad Aziz",35201-4270647-5,1971-01-22,Male,Islamabad,0321-8714725,asad379@hotmail.com,Accountant,36863.38,38,"2026-04-29 20:28:44"
60,"Zubair Mirza",61101-5865708-8,NULL,Male,Faisalabad,0301-1760181,zubair484@gmail.com,Retailer,185068.98,3,"2026-04-29 20:28:44"
61,"Waqar Raza",61101-9042745-7,NULL,Male,Quetta,0311-2464342,waqar511@hotmail.com,Accountant,226947.64,8,"2026-04-29 20:28:44"
62,"Iqra Butt",35401-3440135-1,1966-12-03,Female,Islamabad,0312-4789768,iqra261@hotmail.com,Lawyer,NULL,18,"2026-04-29 20:28:44"
63,"Hira Qureshi",35401-8425709-5,1982-05-31,Female,Peshawar,0301-1884158,hira691@yahoo.com,Lawyer,25014.91,45,"2026-04-29 20:28:44"
64,"Salman Saleem",42101-6735586-9,1997-11-15,Male,Faisalabad,0333-7227171,salman891@gmail.com,Businessman,326950.31,40,"2026-04-29 20:28:44"
65,"Bilal Ahmed",61101-6908350-7,NULL,Male,Peshawar,0321-5322596,bilal152@hotmail.com,Teacher,251083.54,40,"2026-04-29 20:28:44"
66,"Iqra Butt",35201-9467482-2,1980-09-27,Female,Karachi,0312-3281088,iqra838@yahoo.com,Trader,135053.47,28,"2026-04-29 20:28:44"
67,"Usman Dar",38401-9231992-3,1991-11-21,Male,Quetta,0345-5519737,usman912@yahoo.com,Doctor,93659.39,3,"2026-04-29 20:28:44"
68,"Kamran Baig",61101-8509519-9,1986-06-15,Male,Peshawar,0301-7436828,kamran721@yahoo.com,Lecturer,156159.71,29,"2026-04-29 20:28:44"
69,"Muhammad Dar",42101-6692013-7,1970-10-08,Male,Lahore,0321-2520314,muhammad923@gmail.com,Businessman,418336.34,22,"2026-04-29 20:28:44"
70,"Hassan Hussain",21301-8212643-3,1986-03-17,Male,Multan,0301-1053378,hassan333@gmail.com,"Sales Manager",182703.66,35,"2026-04-29 20:28:44"
71,"Salman Hussain",21301-5595317-4,1964-10-19,Male,Lahore,0300-1029649,salman753@gmail.com,Teacher,306683.51,12,"2026-04-29 20:28:44"
72,"Aamir Dar",42101-5191215-6,1986-01-23,Male,Islamabad,0312-5292714,aamir413@gmail.com,Freelancer,368428.63,23,"2026-04-29 20:28:44"
73,"Sheeza Gul",61101-4690958-8,1984-09-21,Female,Karachi,0321-4619100,sheeza593@hotmail.com,"Govt Employee",431148.53,29,"2026-04-29 20:28:44"
74,"Gulnaz Iqbal",35201-4407713-5,1964-05-02,Female,Lahore,0300-5962115,gulnaz979@yahoo.com,Nurse,393783.68,8,"2026-04-29 20:28:44"
75,"Zara Siddiqui",42101-8745305-8,1961-03-24,Female,Quetta,0333-4649647,NULL,Lecturer,277077.26,16,"2026-04-29 20:28:44"
76,"Bushra Mirza",61101-7600760-2,1980-08-30,Female,Karachi,0312-4224735,NULL,Student,422028.68,14,"2026-04-29 20:28:44"
77,"Nadia Iqbal",42201-1432636-6,1965-02-25,Female,Multan,0312-9907636,nadia373@hotmail.com,Nurse,188122.14,35,"2026-04-29 20:28:44"
78,"Sajid Siddiqui",21301-2583455-6,1982-05-22,Male,Faisalabad,0345-2757351,sajid852@yahoo.com,"Govt Employee",52949.02,12,"2026-04-29 20:28:44"
79,"Hira Siddiqui",35201-8563974-7,1981-08-27,Female,Lahore,0300-3021432,hira598@hotmail.com,Lecturer,150202.01,29,"2026-04-29 20:28:44"
80,"Hina Khan",61101-6187330-1,NULL,Female,Multan,0345-1111582,hina54@yahoo.com,Retailer,304722.84,8,"2026-04-29 20:28:44"
81,"Junaid Butt",35401-8588028-4,1990-01-22,Male,Multan,0311-9125497,NULL,Businessman,NULL,12,"2026-04-29 20:28:44"
82,"Hamza Dar",42101-6415427-4,1970-02-21,Male,Peshawar,0321-9579589,hamza766@yahoo.com,Doctor,326933.22,4,"2026-04-29 20:28:44"
83,"Nimra Sheikh",35201-1122818-8,1990-05-21,Female,Quetta,0312-8658156,NULL,"HR Manager",341810.37,50,"2026-04-29 20:28:44"
84,"Sobia Qureshi",21301-6865313-6,NULL,Female,Lahore,0312-7523395,NULL,Student,383437.50,40,"2026-04-29 20:28:44"
85,"Rubab Gul",61101-1168420-1,1973-07-16,Female,Lahore,0312-7276138,rubab73@gmail.com,Freelancer,427587.61,44,"2026-04-29 20:28:44"
86,"Tariq Akhtar",21301-9477727-1,1966-12-05,Male,Islamabad,0321-6443057,tariq28@yahoo.com,Accountant,192728.49,13,"2026-04-29 20:28:44"
87,"Omar Iqbal",35401-9848683-7,1990-10-21,Male,Multan,0312-6874244,omar412@gmail.com,"Software Dev",312414.33,39,"2026-04-29 20:28:44"
88,"Sheeza Gul",35401-9516617-7,NULL,Female,Faisalabad,0345-6154381,sheeza214@hotmail.com,Doctor,39575.69,21,"2026-04-29 20:28:44"
89,"Asad Qureshi",35201-7847189-4,1962-06-21,Male,Faisalabad,0301-4076847,asad440@gmail.com,Nurse,128595.67,28,"2026-04-29 20:28:44"
90,"Iqra Farooq",38401-4989623-3,1997-07-24,Female,Faisalabad,0312-1379531,iqra706@yahoo.com,"HR Manager",NULL,16,"2026-04-29 20:28:44"
91,"Rubab Khan",61101-5007143-7,1996-08-11,Female,Multan,0333-4353437,rubab544@yahoo.com,"Software Dev",252906.30,29,"2026-04-29 20:28:44"
92,"Hamza Qureshi",61101-7241038-6,1963-11-27,Male,Faisalabad,0312-6513454,hamza332@gmail.com,"Sales Manager",335014.41,27,"2026-04-29 20:28:44"
93,"Junaid Farooq",35401-2862623-5,1963-02-08,Male,Karachi,0300-2104575,junaid752@hotmail.com,Trader,285087.70,49,"2026-04-29 20:28:44"
94,"Fatima Mirza",42101-3581438-9,1960-07-12,Female,Multan,0321-9060632,fatima615@hotmail.com,"Govt Employee",225001.90,37,"2026-04-29 20:28:44"
95,"Faisal Javed",21301-5849348-2,NULL,Male,Multan,0312-8449437,faisal821@yahoo.com,Trader,NULL,47,"2026-04-29 20:28:44"
96,"Sobia Khan",35201-7273267-1,1980-08-11,Female,Karachi,0321-8058661,sobia340@gmail.com,Retailer,288389.94,26,"2026-04-29 20:28:44"
97,"Nadia Qureshi",35401-9080875-2,1990-10-28,Female,Islamabad,0311-3862632,nadia552@yahoo.com,Accountant,88107.55,43,"2026-04-29 20:28:44"
98,"Rabia Siddiqui",42101-6238032-2,1962-12-27,Female,Multan,0311-5403390,rabia916@gmail.com,"HR Manager",135808.06,8,"2026-04-29 20:28:44"
99,"Kiran Gul",38401-6025322-4,1960-06-12,Female,Faisalabad,0312-1831432,kiran876@yahoo.com,Doctor,229405.02,34,"2026-04-29 20:28:44"
100,"Sajid Baloch",35201-2566407-1,1974-02-06,Male,Lahore,0311-3827422,sajid912@hotmail.com,Retailer,358015.27,38,"2026-04-29 20:28:44"
101,"Tariq Mehmood",38401-1521724-4,1995-01-22,Male,Multan,0311-9831453,tariq995@gmail.com,Teacher,64510.04,2,"2026-04-29 20:28:44"
102,"Asad Siddiqui",42101-9051340-2,1996-12-06,Male,Multan,0333-2736830,asad838@yahoo.com,"Software Dev",104877.54,35,"2026-04-29 20:28:44"
103,"Faisal Saleem",42201-3958849-8,1998-05-17,Male,Quetta,0333-9491550,faisal678@gmail.com,Doctor,173174.19,14,"2026-04-29 20:28:44"
104,"Imran Farooq",35401-4161765-2,NULL,Male,Lahore,0300-6612074,imran846@gmail.com,Contractor,180948.14,20,"2026-04-29 20:28:44"
105,"Hassan Hussain",42101-4264848-6,1989-02-03,Male,Quetta,0345-2689285,hassan661@gmail.com,Lecturer,367582.44,19,"2026-04-29 20:28:44"
106,"Maira Farooq",35401-6698683-5,1999-07-19,Female,Karachi,0321-8232442,maira50@yahoo.com,"Sales Manager",NULL,9,"2026-04-29 20:28:44"
107,"Rabia Farooq",61101-4909187-8,1971-06-03,Female,Lahore,0333-8328178,rabia980@yahoo.com,Contractor,107590.23,10,"2026-04-29 20:28:44"
108,"Amna Mehmood",61101-9750038-3,1965-04-02,Female,Faisalabad,0312-8446047,amna304@gmail.com,"Govt Employee",426807.53,26,"2026-04-29 20:28:44"
109,"Iqra Dar",21301-9159525-2,1967-11-06,Female,Lahore,0300-3424248,iqra335@yahoo.com,"Software Dev",NULL,42,"2026-04-29 20:28:44"
110,"Adnan Sheikh",35401-5130447-6,1979-11-15,Male,Quetta,0345-4136312,adnan627@gmail.com,Freelancer,81732.06,28,"2026-04-29 20:28:44"
111,"Rabia Ahmed",35201-6276988-4,NULL,Female,Karachi,0345-9315977,rabia607@yahoo.com,Doctor,102699.80,12,"2026-04-29 20:28:44"
112,"Hamza Siddiqui",38401-2445087-3,1963-12-03,Male,Islamabad,0300-3488098,hamza478@hotmail.com,Retired,145134.47,34,"2026-04-29 20:28:44"
113,"Saima Baig",35401-4356820-2,1993-10-15,Female,Quetta,0345-2896148,saima225@hotmail.com,Contractor,430174.89,42,"2026-04-29 20:28:44"
114,"Faisal Hussain",38401-9855396-8,1974-04-19,Male,Multan,0321-5172932,faisal116@yahoo.com,Accountant,68887.53,14,"2026-04-29 20:28:44"
115,"Saima Javed",38401-5334937-1,1981-02-15,Female,Multan,0311-3374503,saima161@gmail.com,Nurse,427069.56,20,"2026-04-29 20:28:44"
116,"Fatima Akhtar",61101-5484381-6,1966-12-10,Female,Peshawar,0333-3499586,fatima586@gmail.com,"HR Manager",348057.07,6,"2026-04-29 20:28:44"
117,"Rubab Aziz",38401-2800843-3,1973-03-17,Female,Peshawar,0345-5922492,rubab566@gmail.com,"Govt Employee",NULL,45,"2026-04-29 20:28:44"
118,"Shahid Khan",61101-5171783-1,1997-06-02,Male,Multan,0311-2739867,shahid464@gmail.com,"Sales Manager",53906.00,6,"2026-04-29 20:28:44"
119,"Ahmed Mehmood",61101-5711962-5,1994-09-26,Male,Lahore,0311-6591910,ahmed400@hotmail.com,"Govt Employee",390019.83,4,"2026-04-29 20:28:44"
120,"Aamir Iqbal",21301-7821252-2,1988-01-29,Male,Quetta,0311-3255165,NULL,Businessman,119814.87,27,"2026-04-29 20:28:44"
121,"Sajid Dar",35201-7003904-6,1993-09-24,Male,Peshawar,0312-1166411,sajid149@gmail.com,Businessman,272830.76,41,"2026-04-29 20:28:44"
122,"Bushra Javed",38401-9929603-5,1983-09-27,Female,Peshawar,0345-4379987,bushra462@hotmail.com,Freelancer,445126.30,45,"2026-04-29 20:28:44"
123,"Waqar Malik",38401-1338941-7,NULL,Male,Quetta,0300-5889376,waqar408@yahoo.com,Doctor,302846.79,7,"2026-04-29 20:28:44"
124,"Adnan Saleem",35401-7027873-4,1968-12-15,Male,Multan,0345-6911627,adnan692@yahoo.com,Retailer,360751.77,28,"2026-04-29 20:28:44"
125,"Sajid Gul",38401-3302521-7,1995-07-10,Male,Peshawar,0311-1844008,sajid745@hotmail.com,Nurse,366744.16,3,"2026-04-29 20:28:44"
126,"Gulnaz Hussain",38401-5244584-1,1989-04-12,Female,Islamabad,0321-2547092,NULL,Accountant,262514.76,29,"2026-04-29 20:28:44"
127,"Ahmed Ali",35201-1180535-7,1987-06-20,Male,Peshawar,0333-3922796,NULL,Engineer,294004.99,40,"2026-04-29 20:28:44"
128,"Ahmed Mehmood",35401-7977003-4,1990-02-13,Male,Faisalabad,0312-8604695,ahmed183@gmail.com,Teacher,346721.08,12,"2026-04-29 20:28:44"
129,"Kiran Hussain",42101-5345047-9,1998-06-14,Female,Karachi,0301-7093195,kiran573@gmail.com,Teacher,319792.68,44,"2026-04-29 20:28:44"
130,"Nimra Khan",42101-2257445-3,1980-03-30,Female,Faisalabad,0311-2097194,nimra292@hotmail.com,Engineer,329164.70,38,"2026-04-29 20:28:44"
131,"Kiran Sheikh",38401-8598871-4,1973-07-30,Female,Multan,0345-5430596,NULL,"HR Manager",329362.13,49,"2026-04-29 20:28:44"
132,"Iqra Mirza",21301-3673453-7,1980-04-04,Female,Karachi,0333-4157134,iqra87@yahoo.com,Freelancer,42921.45,30,"2026-04-29 20:28:44"
133,"Kamran Hussain",21301-7120939-9,1971-02-28,Male,Islamabad,0333-4262849,kamran1@gmail.com,Nurse,257825.52,41,"2026-04-29 20:28:44"
134,"Hassan Afridi",35401-9456854-7,1991-02-17,Male,Quetta,0300-9499968,hassan732@yahoo.com,Businessman,449851.26,27,"2026-04-29 20:28:44"
135,"Sajid Baloch",35201-9434719-1,1994-10-26,Male,Quetta,0301-8514906,sajid323@hotmail.com,Retailer,385923.72,2,"2026-04-29 20:28:44"
136,"Omar Gul",38401-7273299-2,NULL,Male,Faisalabad,0345-7477840,omar8@gmail.com,"Govt Employee",28810.55,24,"2026-04-29 20:28:44"
137,"Maryam Afridi",35401-8041603-1,NULL,Female,Islamabad,0321-4611136,maryam243@gmail.com,Trader,89481.14,2,"2026-04-29 20:28:44"
138,"Sana Qureshi",38401-5431096-9,1981-05-24,Female,Faisalabad,0345-4037204,sana977@gmail.com,Retired,423633.38,39,"2026-04-29 20:28:44"
139,"Hira Mirza",61101-1050789-8,1980-07-02,Female,Islamabad,0300-1740568,NULL,Lecturer,124359.65,48,"2026-04-29 20:28:44"
140,"Gulnaz Ahmed",61101-3049573-5,1996-01-21,Female,Faisalabad,0312-3648891,gulnaz361@gmail.com,Freelancer,149606.45,20,"2026-04-29 20:28:44"
141,"Rabia Akhtar",38401-9766725-6,1960-12-09,Female,Islamabad,0333-7693382,rabia386@hotmail.com,Accountant,52967.87,48,"2026-04-29 20:28:44"
142,"Maira Dar",35201-1707443-7,1974-03-14,Female,Lahore,0333-5898463,maira754@yahoo.com,"HR Manager",181771.26,2,"2026-04-29 20:28:44"
143,"Kamran Hussain",38401-1969613-7,1994-02-11,Male,Islamabad,0333-7322064,kamran472@yahoo.com,Retired,228016.22,10,"2026-04-29 20:28:44"
144,"Raheel Farooq",42201-3996125-9,1987-04-06,Male,Karachi,0301-9938379,raheel586@yahoo.com,"Govt Employee",393588.31,1,"2026-04-29 20:28:44"
145,"Kiran Gul",42201-8346549-7,1970-10-11,Female,Lahore,0333-6757000,kiran94@hotmail.com,Doctor,206898.20,10,"2026-04-29 20:28:44"
146,"Maryam Raza",35201-2812078-2,1992-05-16,Female,Faisalabad,0345-2479648,maryam192@hotmail.com,"Govt Employee",195216.16,32,"2026-04-29 20:28:44"
147,"Aamir Farooq",61101-2952820-4,1983-04-04,Male,Quetta,0345-9727618,aamir507@gmail.com,Engineer,387007.36,4,"2026-04-29 20:28:44"
148,"Imran Ahmed",35401-3928016-8,1970-10-03,Male,Quetta,0321-9308178,imran709@hotmail.com,Nurse,91697.91,7,"2026-04-29 20:28:44"
149,"Muhammad Mirza",61101-7584389-3,1992-12-06,Male,Multan,0300-9589440,muhammad137@hotmail.com,Trader,82741.48,19,"2026-04-29 20:28:44"
150,"Hira Butt",35401-5246930-1,1990-02-16,Female,Faisalabad,0312-8513697,NULL,Engineer,418142.40,7,"2026-04-29 20:28:44"
151,"Bushra Iqbal",42201-8464289-6,NULL,Female,Faisalabad,0300-7447373,bushra843@gmail.com,Teacher,377326.50,19,"2026-04-29 20:28:44"
152,"Sana Ali",35201-6351193-2,1963-04-30,Female,Quetta,0301-9502769,sana515@yahoo.com,Accountant,413236.19,31,"2026-04-29 20:28:44"
153,"Maira Butt",61101-9807859-4,1986-05-13,Female,Karachi,0345-7314704,maira394@hotmail.com,Trader,376682.44,47,"2026-04-29 20:28:44"
154,"Waqar Ali",38401-7149499-6,1962-01-12,Male,Multan,0333-9593022,NULL,Accountant,NULL,3,"2026-04-29 20:28:44"
155,"Iqra Mehmood",42101-6978686-9,1978-07-08,Female,Faisalabad,0301-8371789,iqra540@yahoo.com,Lawyer,213846.36,6,"2026-04-29 20:28:44"
156,"Ali Mehmood",35401-3375910-5,1985-07-04,Male,Lahore,0301-1813259,ali73@gmail.com,"Software Dev",NULL,33,"2026-04-29 20:28:44"
157,"Zainab Baig",35401-4598490-5,1978-06-03,Female,Peshawar,0321-6789670,zainab482@gmail.com,Freelancer,235479.86,7,"2026-04-29 20:28:44"
158,"Waqar Mehmood",35401-6838221-1,1969-05-05,Male,Faisalabad,0301-5992695,waqar743@yahoo.com,Student,37827.83,27,"2026-04-29 20:28:44"
159,"Ali Butt",42201-4785174-7,1993-10-18,Male,Peshawar,0333-8638236,ali836@yahoo.com,"HR Manager",193369.39,4,"2026-04-29 20:28:44"
160,"Maryam Akhtar",42101-3262632-9,1985-08-03,Female,Multan,0311-6502158,NULL,Freelancer,115977.04,37,"2026-04-29 20:28:44"
161,"Nadia Ahmed",38401-6011924-4,1965-03-16,Female,Karachi,0333-7167021,nadia747@yahoo.com,Doctor,61199.12,43,"2026-04-29 20:28:44"
162,"Bilal Ali",38401-5131482-1,1974-01-01,Male,Islamabad,0345-4325352,bilal245@gmail.com,Lecturer,297157.93,5,"2026-04-29 20:28:44"
163,"Sajid Ahmed",35201-4596317-5,1963-07-25,Male,Quetta,0301-1137811,sajid336@yahoo.com,Contractor,NULL,31,"2026-04-29 20:28:44"
164,"Rubab Siddiqui",35201-5817069-5,1988-01-01,Female,Peshawar,0345-5557599,rubab546@yahoo.com,Lecturer,70072.47,39,"2026-04-29 20:28:44"
165,"Adnan Malik",35401-3792201-9,1996-12-20,Male,Quetta,0300-3502907,adnan526@gmail.com,"HR Manager",201865.06,37,"2026-04-29 20:28:44"
166,"Mehwish Gul",42101-9622492-8,1992-09-19,Female,Islamabad,0312-9265769,mehwish755@gmail.com,Lawyer,278208.16,17,"2026-04-29 20:28:44"
167,"Waseem Raza",21301-9725765-2,1988-05-31,Male,Faisalabad,0301-2925652,waseem596@hotmail.com,Contractor,432752.95,46,"2026-04-29 20:28:44"
168,"Hassan Ahmed",21301-7097925-3,1992-12-20,Male,Lahore,0321-3957177,hassan633@yahoo.com,"HR Manager",388953.92,47,"2026-04-29 20:28:44"
169,"Hamza Mehmood",35201-2562301-1,1993-04-17,Male,Islamabad,0300-6318264,hamza561@yahoo.com,Contractor,132518.74,7,"2026-04-29 20:28:44"
170,"Hina Qureshi",42101-3888802-5,1985-12-07,Female,Lahore,0345-8908862,hina237@yahoo.com,Retired,408768.95,23,"2026-04-29 20:28:44"
171,"Hira Javed",42201-6246509-7,1997-03-18,Female,Lahore,0321-2381390,hira266@yahoo.com,Teacher,176416.78,29,"2026-04-29 20:28:44"
172,"Salman Raza",35201-4023295-8,NULL,Male,Karachi,0312-8877416,salman995@gmail.com,Contractor,246933.53,40,"2026-04-29 20:28:44"
173,"Imran Ali",35201-7431303-3,1981-06-03,Male,Karachi,0301-1338930,imran537@gmail.com,Doctor,NULL,23,"2026-04-29 20:28:44"
174,"Iqra Baloch",61101-8501247-7,2000-05-21,Female,Peshawar,0312-8406089,iqra625@yahoo.com,Engineer,189220.08,17,"2026-04-29 20:28:44"
175,"Sheeza Siddiqui",42201-8670612-1,1977-01-10,Female,Lahore,0300-4565685,sheeza7@yahoo.com,Accountant,410943.55,49,"2026-04-29 20:28:44"
176,"Rabia Aziz",61101-1063998-8,1988-12-27,Female,Faisalabad,0300-9852755,rabia789@gmail.com,Retired,149161.97,43,"2026-04-29 20:28:44"
177,"Zara Raza",42201-6760043-3,1989-08-04,Female,Multan,0312-9664920,zara559@yahoo.com,Retailer,46886.82,5,"2026-04-29 20:28:44"
178,"Hamza Siddiqui",61101-2509862-1,1994-07-03,Male,Peshawar,0311-4765929,hamza550@hotmail.com,Lawyer,141868.46,1,"2026-04-29 20:28:44"
179,"Mehwish Mirza",35201-3851940-7,1996-07-23,Female,Karachi,0321-5086048,NULL,Retailer,165520.41,33,"2026-04-29 20:28:44"
180,"Iqra Javed",42201-9188062-8,1998-11-06,Female,Lahore,0312-7239804,iqra104@hotmail.com,"Sales Manager",229317.01,10,"2026-04-29 20:28:44"
181,"Nimra Aziz",21301-3459124-9,1978-10-10,Female,Karachi,0300-1378690,nimra860@gmail.com,Student,146437.53,39,"2026-04-29 20:28:44"
182,"Junaid Dar",35401-8514822-3,1960-11-23,Male,Karachi,0345-7744922,junaid496@hotmail.com,Accountant,397311.08,44,"2026-04-29 20:28:44"
183,"Muhammad Gul",38401-3522991-9,1985-02-14,Male,Faisalabad,0321-6147982,muhammad533@gmail.com,Freelancer,30468.37,7,"2026-04-29 20:28:44"
184,"Bushra Mirza",42101-6369671-4,1973-06-28,Female,Karachi,0312-8940137,bushra174@yahoo.com,"Govt Employee",176837.87,32,"2026-04-29 20:28:44"
185,"Usman Ali",35201-8526274-9,NULL,Male,Quetta,0301-2726985,usman945@yahoo.com,"Software Dev",47719.16,6,"2026-04-29 20:28:44"
186,"Hina Butt",42101-1983823-9,1968-09-22,Female,Islamabad,0311-7111093,hina946@hotmail.com,Businessman,150181.92,36,"2026-04-29 20:28:44"
187,"Asad Siddiqui",38401-8949616-1,NULL,Male,Faisalabad,0301-4388860,asad648@gmail.com,Contractor,248669.82,26,"2026-04-29 20:28:44"
188,"Adnan Akhtar",35201-4232897-8,1977-09-07,Male,Faisalabad,0301-6103448,adnan155@gmail.com,Lecturer,299139.44,4,"2026-04-29 20:28:44"
189,"Zara Iqbal",35201-7735457-2,1984-03-15,Female,Multan,0311-9941307,zara602@yahoo.com,Engineer,NULL,38,"2026-04-29 20:28:44"
190,"Nimra Mehmood",35201-9027847-4,1977-07-28,Female,Faisalabad,0311-2388278,nimra168@yahoo.com,Retailer,49255.41,49,"2026-04-29 20:28:44"
191,"Kamran Baloch",35401-9927867-8,1970-10-14,Male,Multan,0300-7073046,kamran271@hotmail.com,Doctor,85771.99,25,"2026-04-29 20:28:44"
192,"Mehwish Dar",38401-5824426-8,1982-04-24,Female,Multan,0333-5541073,mehwish183@gmail.com,"Govt Employee",421857.31,26,"2026-04-29 20:28:44"
193,"Rabia Siddiqui",42201-5622837-8,1960-09-10,Female,Multan,0312-3491520,rabia468@hotmail.com,Freelancer,NULL,14,"2026-04-29 20:28:44"
194,"Hassan Sheikh",21301-6906974-3,1982-07-12,Male,Peshawar,0333-3321736,hassan364@hotmail.com,"Sales Manager",276284.20,34,"2026-04-29 20:28:44"
195,"Nimra Baig",61101-4656748-4,1967-11-23,Female,Peshawar,0300-5167238,nimra565@hotmail.com,Retailer,93051.69,22,"2026-04-29 20:28:44"
196,"Rubab Mehmood",42201-8991686-4,1979-04-07,Female,Karachi,0312-5691617,rubab890@gmail.com,Teacher,425190.26,18,"2026-04-29 20:28:44"
197,"Hina Akhtar",61101-3120511-8,1979-10-30,Female,Karachi,0300-9585970,hina782@gmail.com,Retired,283347.34,36,"2026-04-29 20:28:44"
198,"Amna Afridi",35201-7069474-6,1987-01-15,Female,Karachi,0321-9758563,amna421@hotmail.com,Contractor,425522.00,6,"2026-04-29 20:28:44"
199,"Saima Mehmood",35401-1712293-7,1968-05-13,Female,Peshawar,0312-1158391,saima492@hotmail.com,Contractor,91546.63,48,"2026-04-29 20:28:44"
200,"Ali Baloch",35201-1347150-4,1993-06-30,Male,Multan,0301-6864282,ali50@hotmail.com,Retailer,448077.28,24,"2026-04-29 20:28:44"
201,"Ayesha Farooq",42101-9725278-6,1974-08-22,Female,Islamabad,0333-3492112,NULL,"Sales Manager",242584.34,20,"2026-04-29 20:28:44"
202,"Maira Akhtar",35201-9124476-6,1974-04-25,Female,Peshawar,0312-3211452,maira862@yahoo.com,"Sales Manager",78735.09,40,"2026-04-29 20:28:44"
203,"Sobia Raza",42201-1095910-2,1964-07-09,Female,Peshawar,0321-2548659,sobia209@hotmail.com,Businessman,122435.42,49,"2026-04-29 20:28:44"
204,"Omar Hussain",35401-2220103-2,1992-10-06,Male,Multan,0321-9188476,omar546@yahoo.com,Businessman,189702.19,24,"2026-04-29 20:28:44"
205,"Hassan Ahmed",35201-4199763-5,1981-10-27,Male,Quetta,0345-2122088,hassan507@hotmail.com,Accountant,300921.42,48,"2026-04-29 20:28:44"
206,"Sana Baig",42201-5583886-5,1970-07-06,Female,Quetta,0345-7396610,sana793@yahoo.com,Businessman,276007.68,2,"2026-04-29 20:28:44"
207,"Maira Hussain",35201-9352030-4,1983-10-03,Female,Peshawar,0301-4287873,maira208@yahoo.com,Businessman,174865.64,35,"2026-04-29 20:28:44"
208,"Faisal Khan",42201-4339242-4,1967-09-08,Male,Peshawar,0301-6551224,faisal204@gmail.com,"HR Manager",305249.97,16,"2026-04-29 20:28:44"
209,"Gulnaz Baloch",21301-4396836-6,1978-05-31,Female,Quetta,0333-2668966,gulnaz754@yahoo.com,Freelancer,114938.81,42,"2026-04-29 20:28:44"
210,"Rubab Javed",42201-2786268-7,1990-03-04,Female,Multan,0321-5092152,rubab91@hotmail.com,"HR Manager",233623.54,12,"2026-04-29 20:28:44"
211,"Saima Saleem",38401-3329672-8,1972-04-23,Female,Karachi,0345-5745299,saima591@hotmail.com,Engineer,90260.67,17,"2026-04-29 20:28:44"
212,"Kashif Aziz",61101-8256569-5,1979-05-13,Male,Multan,0333-8603714,kashif653@hotmail.com,Engineer,331138.53,30,"2026-04-29 20:28:44"
213,"Tariq Qureshi",42201-4225675-2,1985-11-11,Male,Islamabad,0300-7220581,tariq194@gmail.com,Retired,320566.75,12,"2026-04-29 20:28:44"
214,"Adnan Qureshi",38401-2968021-5,1984-02-13,Male,Lahore,0321-4929592,adnan856@gmail.com,Accountant,NULL,9,"2026-04-29 20:28:44"
215,"Sana Raza",42101-7125027-6,1976-03-06,Female,Lahore,0321-1783299,sana194@gmail.com,Freelancer,73892.21,13,"2026-04-29 20:28:44"
216,"Tariq Akhtar",42101-4967441-3,1975-02-11,Male,Karachi,0345-6650853,tariq853@gmail.com,Trader,NULL,11,"2026-04-29 20:28:44"
217,"Gulnaz Aziz",61101-4640231-8,1974-07-21,Female,Quetta,0321-6473712,gulnaz414@gmail.com,Student,346949.14,35,"2026-04-29 20:28:44"
218,"Adnan Khan",35201-3651901-8,1972-12-17,Male,Multan,0312-6581587,adnan35@gmail.com,"Sales Manager",121239.72,22,"2026-04-29 20:28:44"
219,"Kamran Ali",35201-1432445-3,1968-01-04,Male,Quetta,0301-7705571,kamran454@hotmail.com,"Sales Manager",97107.08,38,"2026-04-29 20:28:44"
220,"Omar Gul",35201-6006506-4,1969-03-10,Male,Lahore,0301-9856953,omar459@hotmail.com,Retailer,354734.38,43,"2026-04-29 20:28:44"
221,"Hina Mehmood",21301-8471064-1,1996-07-28,Female,Peshawar,0311-6370867,hina811@hotmail.com,"Software Dev",433214.43,29,"2026-04-29 20:28:44"
222,"Amna Qureshi",42201-8049391-9,1974-06-18,Female,Islamabad,0301-9997760,amna830@hotmail.com,Lawyer,56911.32,19,"2026-04-29 20:28:44"
223,"Hina Raza",61101-7925680-3,NULL,Female,Islamabad,0300-7952049,NULL,Doctor,421603.02,29,"2026-04-29 20:28:44"
224,"Imran Baloch",38401-7248232-3,1985-07-18,Male,Islamabad,0301-7141590,imran579@yahoo.com,Retired,380130.32,5,"2026-04-29 20:28:44"
225,"Sara Baig",61101-6986614-5,1975-05-13,Female,Quetta,0311-4262126,sara259@yahoo.com,Doctor,299102.69,2,"2026-04-29 20:28:44"
226,"Mehwish Aziz",35401-2766379-9,1993-01-26,Female,Karachi,0300-6275126,mehwish956@hotmail.com,Contractor,109148.42,1,"2026-04-29 20:28:44"
227,"Gulnaz Mehmood",38401-6593514-7,1978-03-12,Female,Lahore,0345-2722320,NULL,"HR Manager",283998.53,17,"2026-04-29 20:28:44"
228,"Usman Sheikh",35201-7360996-7,1969-03-16,Male,Faisalabad,0333-2944618,usman456@yahoo.com,Businessman,114852.22,23,"2026-04-29 20:28:44"
229,"Amna Hussain",42101-8893539-3,1961-05-30,Female,Quetta,0311-4727098,amna688@hotmail.com,Accountant,NULL,8,"2026-04-29 20:28:44"
230,"Kiran Siddiqui",35201-6758709-4,1991-02-24,Female,Peshawar,0301-9203632,NULL,Retired,91645.00,8,"2026-04-29 20:28:44"
231,"Maira Siddiqui",35201-4775784-3,1967-06-08,Female,Multan,0321-3625794,maira449@yahoo.com,Trader,375844.93,5,"2026-04-29 20:28:44"
232,"Asad Mehmood",21301-5562789-1,1974-01-02,Male,Karachi,0345-9886658,asad37@gmail.com,"Govt Employee",30439.48,24,"2026-04-29 20:28:44"
233,"Shahid Gul",42201-6238009-4,1992-04-26,Male,Karachi,0312-8200195,shahid622@yahoo.com,Lecturer,84602.20,19,"2026-04-29 20:28:44"
234,"Usman Afridi",21301-9742047-2,1995-02-11,Male,Multan,0321-8775520,usman268@gmail.com,Retired,34748.31,17,"2026-04-29 20:28:44"
235,"Raheel Ahmed",35201-6484949-3,2000-08-09,Male,Karachi,0321-2476375,raheel632@yahoo.com,Student,NULL,2,"2026-04-29 20:28:44"
236,"Imran Hussain",35201-4492833-6,1967-04-20,Male,Peshawar,0333-4078336,imran498@hotmail.com,Doctor,216909.84,48,"2026-04-29 20:28:44"
237,"Aamir Iqbal",38401-7910069-4,1997-09-18,Male,Karachi,0311-7565070,aamir789@gmail.com,Engineer,361809.91,1,"2026-04-29 20:28:44"
238,"Amna Butt",61101-1081463-5,NULL,Female,Peshawar,0345-6159479,amna135@hotmail.com,Doctor,422781.68,36,"2026-04-29 20:28:44"
239,"Imran Ahmed",35201-3856912-7,1985-12-26,Male,Quetta,0345-1401453,imran538@hotmail.com,Contractor,137818.93,29,"2026-04-29 20:28:44"
240,"Rubab Sheikh",21301-7491376-6,1963-03-31,Female,Islamabad,0301-5395137,rubab335@gmail.com,Nurse,179672.29,43,"2026-04-29 20:28:44"
241,"Omar Baloch",42201-1275404-5,1990-10-20,Male,Karachi,0300-8968562,omar867@hotmail.com,Retired,223459.46,16,"2026-04-29 20:28:44"
242,"Sajid Aziz",35201-8450816-7,1983-10-03,Male,Lahore,0321-7043579,sajid351@gmail.com,Retailer,99189.15,31,"2026-04-29 20:28:44"
243,"Zara Malik",42101-4470525-7,1989-12-05,Female,Faisalabad,0311-8212365,zara359@yahoo.com,Contractor,NULL,4,"2026-04-29 20:28:44"
244,"Kamran Hussain",35401-2497451-5,NULL,Male,Karachi,0321-4742393,kamran404@gmail.com,"Software Dev",278727.01,20,"2026-04-29 20:28:44"
245,"Aamir Baloch",61101-2904047-6,NULL,Male,Lahore,0345-9478607,aamir447@gmail.com,Doctor,173415.12,37,"2026-04-29 20:28:44"
246,"Kashif Gul",61101-4197228-8,1978-10-12,Male,Islamabad,0321-5170663,kashif720@hotmail.com,Engineer,115659.57,42,"2026-04-29 20:28:44"
247,"Junaid Mirza",42201-6493661-4,1997-09-15,Male,Karachi,0321-8085792,junaid976@gmail.com,Trader,394483.16,13,"2026-04-29 20:28:44"
248,"Sara Javed",35401-4431975-7,1975-08-03,Female,Islamabad,0312-6403610,sara471@yahoo.com,Accountant,183428.54,34,"2026-04-29 20:28:44"
249,"Zara Baig",42101-2900354-4,1974-04-29,Female,Quetta,0321-4451640,zara320@yahoo.com,Doctor,156011.05,41,"2026-04-29 20:28:44"
250,"Hina Saleem",42101-5912330-6,1963-08-25,Female,Islamabad,0321-2815021,hina384@yahoo.com,Lecturer,244085.87,16,"2026-04-29 20:28:44"
251,"Kashif Aziz",42101-3966695-5,1999-12-28,Male,Faisalabad,0312-2338492,kashif822@hotmail.com,Lecturer,90503.18,39,"2026-04-29 20:28:44"
252,"Junaid Raza",42201-9645791-6,NULL,Male,Lahore,0321-1260219,junaid809@hotmail.com,Contractor,171684.64,41,"2026-04-29 20:28:44"
253,"Faisal Baig",42201-3492690-6,NULL,Male,Peshawar,0321-9685618,NULL,Retailer,NULL,18,"2026-04-29 20:28:44"
254,"Aamir Afridi",38401-7050553-8,1974-05-06,Male,Lahore,0321-4274141,aamir970@yahoo.com,Student,443966.83,25,"2026-04-29 20:28:44"
255,"Mehwish Khan",42101-2601752-7,1993-12-27,Female,Multan,0312-5778302,mehwish310@gmail.com,Businessman,312077.11,32,"2026-04-29 20:28:44"
256,"Mehwish Baig",35201-7402974-5,1971-04-28,Female,Islamabad,0311-6642429,mehwish68@hotmail.com,"Software Dev",246525.18,6,"2026-04-29 20:28:44"
257,"Faisal Raza",21301-5299023-2,1996-05-19,Male,Peshawar,0321-2007589,faisal30@gmail.com,Trader,309111.48,17,"2026-04-29 20:28:44"
258,"Rabia Baig",42201-9604983-1,1981-01-13,Female,Karachi,0333-8170759,rabia425@gmail.com,Lawyer,370837.10,21,"2026-04-29 20:28:44"
259,"Zubair Mirza",42201-6043670-3,1994-02-19,Male,Faisalabad,0300-8308677,zubair287@gmail.com,"HR Manager",363771.99,2,"2026-04-29 20:28:44"
260,"Waseem Baig",21301-9907670-1,1979-07-14,Male,Peshawar,0321-8807116,waseem910@hotmail.com,Engineer,90788.00,5,"2026-04-29 20:28:44"
261,"Zainab Gul",35201-1056131-9,1979-11-16,Female,Multan,0311-7130158,NULL,Lawyer,388820.45,9,"2026-04-29 20:28:44"
262,"Iqra Javed",42201-3024129-6,1981-03-06,Female,Karachi,0312-8053006,iqra663@yahoo.com,Accountant,368716.44,14,"2026-04-29 20:28:44"
263,"Asad Baig",35401-7547687-2,1992-10-16,Male,Faisalabad,0300-4269460,asad916@hotmail.com,Freelancer,404966.82,21,"2026-04-29 20:28:44"
264,"Imran Qureshi",42101-9140846-7,1962-07-04,Male,Lahore,0300-9469425,imran780@gmail.com,Teacher,334892.44,11,"2026-04-29 20:28:44"
265,"Omar Gul",35201-9920916-8,1976-04-28,Male,Islamabad,0345-6041582,omar265@hotmail.com,"Sales Manager",151020.59,29,"2026-04-29 20:28:44"
266,"Gulnaz Javed",42201-5533519-8,1983-01-11,Female,Lahore,0321-6115631,gulnaz659@gmail.com,Trader,NULL,11,"2026-04-29 20:28:44"
267,"Omar Butt",21301-5655375-9,1970-12-23,Male,Quetta,0333-6906729,omar645@gmail.com,Accountant,35205.22,18,"2026-04-29 20:28:44"
268,"Raheel Siddiqui",21301-6403779-1,1994-06-09,Male,Peshawar,0345-2501069,raheel448@gmail.com,Businessman,164644.13,10,"2026-04-29 20:28:44"
269,"Salman Siddiqui",42201-5970152-7,1969-10-20,Male,Islamabad,0312-9636714,salman570@gmail.com,Engineer,NULL,39,"2026-04-29 20:28:44"
270,"Waseem Saleem",61101-7145962-2,1987-09-18,Male,Lahore,0301-8793760,waseem345@gmail.com,Engineer,55064.71,6,"2026-04-29 20:28:44"
271,"Maira Malik",21301-9006638-4,1985-12-10,Female,Multan,0300-7230678,maira338@yahoo.com,Businessman,200666.40,19,"2026-04-29 20:28:44"
272,"Sheeza Mehmood",35401-4080765-7,1974-07-27,Female,Quetta,0333-3004492,sheeza544@hotmail.com,Lawyer,346361.51,29,"2026-04-29 20:28:44"
273,"Salman Sheikh",61101-7504386-1,1971-12-03,Male,Peshawar,0301-7783627,salman240@gmail.com,"Sales Manager",268191.79,17,"2026-04-29 20:28:44"
274,"Kashif Raza",42201-3387560-8,1983-07-20,Male,Quetta,0311-4444126,kashif419@yahoo.com,"HR Manager",246333.55,19,"2026-04-29 20:28:44"
275,"Muhammad Mehmood",21301-9765152-5,1989-04-26,Male,Karachi,0300-5839820,muhammad534@hotmail.com,Doctor,192087.83,35,"2026-04-29 20:28:44"
276,"Sajid Baloch",38401-2044773-4,NULL,Male,Peshawar,0301-7526758,sajid638@gmail.com,Freelancer,NULL,14,"2026-04-29 20:28:44"
277,"Waqar Butt",38401-1363140-6,1983-12-03,Male,Karachi,0301-7112200,waqar62@yahoo.com,Student,335901.51,50,"2026-04-29 20:28:44"
278,"Asad Mirza",21301-9999828-8,1994-02-10,Male,Islamabad,0300-1384523,asad167@gmail.com,Nurse,356356.67,19,"2026-04-29 20:28:44"
279,"Fatima Mirza",42201-2849821-2,1987-01-24,Female,Quetta,0301-9134703,fatima264@gmail.com,"HR Manager",236699.33,9,"2026-04-29 20:28:44"
280,"Nimra Baloch",21301-3642591-3,1962-03-26,Female,Multan,0333-2542842,nimra146@gmail.com,Retailer,43674.89,40,"2026-04-29 20:28:44"
281,"Zara Malik",42201-2116270-8,1961-07-29,Female,Islamabad,0311-5613480,zara924@hotmail.com,Teacher,209399.55,14,"2026-04-29 20:28:44"
282,"Rabia Baloch",38401-2345437-6,1968-09-16,Female,Multan,0300-7249059,rabia397@gmail.com,"HR Manager",211776.03,12,"2026-04-29 20:28:44"
283,"Hina Ahmed",35401-9317510-5,1960-02-16,Female,Peshawar,0321-4936231,hina592@yahoo.com,Lawyer,408736.30,17,"2026-04-29 20:28:44"
284,"Zainab Butt",42201-3696968-6,1982-10-16,Female,Lahore,0345-5152988,NULL,Lecturer,127074.13,39,"2026-04-29 20:28:44"
285,"Hassan Mirza",35201-6895223-4,1967-01-02,Male,Quetta,0301-7655739,hassan203@hotmail.com,Lecturer,173808.83,22,"2026-04-29 20:28:44"
286,"Sara Mirza",35401-7119268-6,1974-11-17,Female,Peshawar,0312-9634499,sara895@hotmail.com,Freelancer,105663.48,15,"2026-04-29 20:28:44"
287,"Salman Khan",42101-5634861-7,1985-06-19,Male,Quetta,0311-4521726,salman728@hotmail.com,Trader,408701.74,42,"2026-04-29 20:28:44"
288,"Muhammad Farooq",42201-3562678-5,1986-12-04,Male,Quetta,0333-5085700,muhammad167@yahoo.com,Engineer,440751.62,9,"2026-04-29 20:28:44"
289,"Saima Mehmood",42101-9980548-1,NULL,Female,Multan,0345-7574491,saima631@gmail.com,Freelancer,134289.90,31,"2026-04-29 20:28:44"
290,"Fatima Ahmed",38401-1194669-6,1998-03-24,Female,Faisalabad,0333-6752677,fatima442@hotmail.com,"Software Dev",272519.78,34,"2026-04-29 20:28:44"
291,"Waqar Baig",21301-8810026-4,1966-06-12,Male,Lahore,0312-3395119,NULL,Retailer,210666.89,7,"2026-04-29 20:28:44"
292,"Raheel Ahmed",35201-3568355-3,NULL,Male,Karachi,0333-3134826,raheel195@hotmail.com,Freelancer,71142.45,48,"2026-04-29 20:28:44"
293,"Zainab Mehmood",61101-5451345-7,1989-03-22,Female,Multan,0333-9427848,zainab678@hotmail.com,Nurse,236227.38,44,"2026-04-29 20:28:44"
294,"Ayesha Butt",61101-2795416-3,1967-11-23,Female,Multan,0311-5616381,ayesha108@hotmail.com,"HR Manager",151909.32,10,"2026-04-29 20:28:44"
295,"Junaid Raza",35201-7296379-8,1992-11-23,Male,Islamabad,0301-2503072,junaid808@hotmail.com,Student,331214.93,1,"2026-04-29 20:28:44"
296,"Maira Khan",42101-5207342-5,1971-03-28,Female,Islamabad,0333-7719806,maira512@gmail.com,Teacher,354294.21,5,"2026-04-29 20:28:44"
297,"Tariq Saleem",38401-3227785-4,1990-03-17,Male,Multan,0312-6272540,tariq659@hotmail.com,"Govt Employee",218455.30,39,"2026-04-29 20:28:44"
298,"Rabia Aziz",42201-8938462-4,1989-11-09,Female,Lahore,0311-5537430,rabia277@gmail.com,"HR Manager",187856.05,12,"2026-04-29 20:28:44"
299,"Fatima Baloch",21301-9519876-7,1970-01-21,Female,Quetta,0333-3552232,fatima582@yahoo.com,"Sales Manager",419655.21,38,"2026-04-29 20:28:44"
300,"Bushra Ali",35201-3320996-2,1977-06-20,Female,Quetta,0321-5310686,bushra65@yahoo.com,Nurse,131789.60,40,"2026-04-29 20:28:44"
301,"Bushra Saleem",35201-5677413-6,1963-04-05,Female,Multan,0301-8372691,bushra239@yahoo.com,Lecturer,211008.77,21,"2026-04-29 20:28:44"
302,"Muhammad Baloch",42201-5356849-3,1967-08-28,Male,Karachi,0301-4915911,muhammad966@gmail.com,Nurse,NULL,40,"2026-04-29 20:28:44"
303,"Ayesha Baloch",38401-2893196-9,1970-01-01,Female,Peshawar,0300-2880801,ayesha504@yahoo.com,Engineer,342777.33,36,"2026-04-29 20:28:44"
304,"Hamza Iqbal",61101-3511089-1,1994-09-27,Male,Multan,0311-9772603,hamza608@yahoo.com,Retailer,104720.62,30,"2026-04-29 20:28:44"
305,"Zubair Mirza",35201-6295621-2,1968-02-16,Male,Peshawar,0311-2791496,zubair51@hotmail.com,Lawyer,299956.52,5,"2026-04-29 20:28:44"
306,"Fareeha Akhtar",38401-9064022-9,1968-05-05,Female,Lahore,0301-1889799,fareeha735@yahoo.com,Student,402351.49,43,"2026-04-29 20:28:44"
307,"Rabia Ali",42201-4564769-2,1975-03-10,Female,Faisalabad,0321-8756682,rabia315@gmail.com,Retired,117047.52,38,"2026-04-29 20:28:44"
308,"Sajid Ali",21301-8428454-4,1987-02-24,Male,Islamabad,0345-7619996,sajid360@yahoo.com,"Govt Employee",442681.81,37,"2026-04-29 20:28:44"
309,"Salman Mirza",35201-9497981-9,1969-03-04,Male,Peshawar,0321-4593869,salman653@hotmail.com,Engineer,193259.63,48,"2026-04-29 20:28:44"
310,"Kamran Sheikh",42101-2864489-7,1982-03-22,Male,Lahore,0311-6401168,kamran889@yahoo.com,Student,419484.11,23,"2026-04-29 20:28:44"
311,"Ahmed Aziz",42201-1816921-8,1969-01-07,Male,Quetta,0301-6528588,ahmed473@gmail.com,"Govt Employee",NULL,28,"2026-04-29 20:28:44"
312,"Sobia Siddiqui",35201-4225810-8,1960-04-22,Female,Multan,0311-2372802,sobia394@hotmail.com,Retired,139920.06,24,"2026-04-29 20:28:44"
313,"Bushra Khan",61101-7293416-1,1970-09-22,Female,Lahore,0301-3142515,bushra626@gmail.com,Businessman,379731.11,37,"2026-04-29 20:28:44"
314,"Fareeha Siddiqui",61101-9973414-7,1997-03-28,Female,Islamabad,0345-7980186,fareeha979@gmail.com,Lecturer,88838.40,7,"2026-04-29 20:28:44"
315,"Hassan Gul",42201-8600011-5,1979-07-30,Male,Multan,0321-7892823,hassan770@gmail.com,Doctor,144986.23,24,"2026-04-29 20:28:44"
316,"Omar Mehmood",21301-7799421-7,1976-08-22,Male,Karachi,0321-3430295,omar343@hotmail.com,Teacher,142047.75,20,"2026-04-29 20:28:44"
317,"Fareeha Baloch",38401-5153786-3,1978-04-04,Female,Faisalabad,0300-8735710,fareeha905@yahoo.com,Contractor,NULL,11,"2026-04-29 20:28:44"
318,"Rabia Akhtar",42101-1172936-9,1990-05-07,Female,Lahore,0321-7955171,rabia633@yahoo.com,Contractor,345497.72,34,"2026-04-29 20:28:44"
319,"Zainab Farooq",42201-6945276-3,1998-11-05,Female,Peshawar,0300-7524972,zainab213@hotmail.com,"Software Dev",441752.22,47,"2026-04-29 20:28:44"
320,"Aamir Ali",35401-3165622-9,1997-10-21,Male,Multan,0333-3292651,aamir535@hotmail.com,Retired,131159.82,17,"2026-04-29 20:28:44"
321,"Bilal Iqbal",38401-1981224-1,1990-11-18,Male,Peshawar,0311-6992732,bilal619@yahoo.com,Student,245161.06,21,"2026-04-29 20:28:44"
322,"Usman Javed",42101-5862612-3,1983-02-27,Male,Peshawar,0311-2983177,usman606@yahoo.com,Businessman,178780.24,31,"2026-04-29 20:28:44"
323,"Mehwish Mirza",61101-4175358-8,1986-05-18,Female,Multan,0333-1283119,mehwish319@hotmail.com,Student,53874.03,20,"2026-04-29 20:28:44"
324,"Faisal Butt",61101-3220001-7,1969-02-27,Male,Quetta,0345-6519172,NULL,"HR Manager",40172.79,20,"2026-04-29 20:28:44"
325,"Bilal Mehmood",35401-5048294-6,1995-02-01,Male,Lahore,0301-4493711,bilal918@yahoo.com,Businessman,378906.06,45,"2026-04-29 20:28:44"
326,"Kiran Aziz",61101-9769634-1,1967-01-04,Female,Peshawar,0345-8088852,kiran196@hotmail.com,Teacher,434602.73,8,"2026-04-29 20:28:44"
327,"Ahmed Saleem",21301-1387131-4,1963-10-23,Male,Quetta,0321-5143402,ahmed888@hotmail.com,"Software Dev",115290.63,18,"2026-04-29 20:28:44"
328,"Nadia Farooq",35201-3547030-4,1992-03-13,Female,Quetta,0311-8942943,nadia430@hotmail.com,Retired,NULL,45,"2026-04-29 20:28:44"
329,"Ali Mehmood",21301-3281691-5,1977-03-07,Male,Lahore,0333-9393229,ali705@hotmail.com,Businessman,436370.48,45,"2026-04-29 20:28:44"
330,"Adnan Javed",21301-1107175-8,1986-05-09,Male,Peshawar,0321-9261421,adnan556@hotmail.com,Nurse,183246.04,39,"2026-04-29 20:28:44"
331,"Salman Malik",35201-8983514-2,1994-02-08,Male,Faisalabad,0321-8157048,salman592@hotmail.com,Teacher,227560.32,42,"2026-04-29 20:28:44"
332,"Maira Ali",21301-7824941-7,1964-08-06,Female,Quetta,0321-6475623,maira2@gmail.com,Teacher,413906.81,4,"2026-04-29 20:28:44"
333,"Ayesha Mehmood",61101-9426551-2,1983-01-26,Female,Quetta,0321-7220317,ayesha942@yahoo.com,Trader,406598.03,49,"2026-04-29 20:28:44"
334,"Iqra Akhtar",42201-9949561-2,1974-11-18,Female,Quetta,0321-3375808,iqra865@gmail.com,Retailer,78711.06,49,"2026-04-29 20:28:44"
335,"Sobia Hussain",21301-5121224-1,1973-04-04,Female,Peshawar,0311-4554978,sobia556@yahoo.com,Retailer,230662.62,36,"2026-04-29 20:28:44"
336,"Nimra Ali",38401-7527798-6,1994-03-25,Female,Faisalabad,0345-2719043,nimra980@yahoo.com,Student,259578.97,48,"2026-04-29 20:28:44"
337,"Ali Khan",42201-3872429-4,1967-07-26,Male,Quetta,0345-4461831,ali949@yahoo.com,Freelancer,351375.66,11,"2026-04-29 20:28:44"
338,"Maryam Siddiqui",35401-4498003-6,1981-11-01,Female,Faisalabad,0312-6705066,maryam376@hotmail.com,Freelancer,201290.92,43,"2026-04-29 20:28:44"
339,"Hira Dar",35401-1202597-8,1985-12-18,Female,Lahore,0345-4438300,hira885@hotmail.com,"Govt Employee",255790.73,49,"2026-04-29 20:28:44"
340,"Fatima Afridi",42101-7350960-9,1972-05-24,Female,Karachi,0345-4328267,fatima445@yahoo.com,Contractor,140723.48,13,"2026-04-29 20:28:44"
341,"Waqar Baig",21301-2796450-2,NULL,Male,Quetta,0321-5625734,NULL,Teacher,295233.92,34,"2026-04-29 20:28:44"
342,"Asad Saleem",61101-7189526-8,1979-08-26,Male,Quetta,0301-1322612,asad488@gmail.com,Doctor,64128.80,31,"2026-04-29 20:28:44"
343,"Sana Saleem",38401-5134985-2,1978-07-05,Female,Islamabad,0301-7809948,sana642@hotmail.com,Student,77535.31,9,"2026-04-29 20:28:44"
344,"Ahmed Sheikh",42101-2685793-6,1988-12-09,Male,Lahore,0301-4850773,ahmed415@yahoo.com,Accountant,284011.17,31,"2026-04-29 20:28:44"
345,"Hira Ali",42201-9309206-6,1998-08-09,Female,Islamabad,0345-5554247,hira190@gmail.com,Student,113729.87,5,"2026-04-29 20:28:44"
346,"Rubab Afridi",35401-5323164-4,1981-03-05,Female,Multan,0321-5778238,NULL,Retired,NULL,2,"2026-04-29 20:28:44"
347,"Shahid Mirza",21301-2087272-4,1967-08-20,Male,Quetta,0312-4432892,shahid912@hotmail.com,"Govt Employee",345555.53,12,"2026-04-29 20:28:44"
348,"Bilal Afridi",42101-8816643-6,1970-05-14,Male,Lahore,0301-1815854,bilal93@yahoo.com,Nurse,NULL,15,"2026-04-29 20:28:44"
349,"Muhammad Malik",61101-3365428-1,1975-02-07,Male,Faisalabad,0301-5028131,muhammad526@hotmail.com,"HR Manager",347460.50,39,"2026-04-29 20:28:44"
350,"Ayesha Dar",42201-1136117-3,NULL,Female,Multan,0345-5158928,ayesha335@yahoo.com,Businessman,433146.79,16,"2026-04-29 20:28:44"
351,"Nimra Saleem",35201-7535024-3,1966-05-23,Female,Karachi,0321-7641931,nimra34@hotmail.com,"Software Dev",25548.19,10,"2026-04-29 20:28:44"
352,"Hina Dar",35401-3432872-1,NULL,Female,Faisalabad,0321-9144472,hina711@gmail.com,Engineer,410041.21,17,"2026-04-29 20:28:44"
353,"Rabia Akhtar",61101-6331432-7,1999-06-23,Female,Multan,0345-9434500,rabia833@gmail.com,Doctor,108301.68,27,"2026-04-29 20:28:44"
354,"Salman Afridi",61101-9674668-8,NULL,Male,Multan,0321-4095568,salman215@yahoo.com,"Sales Manager",143599.39,15,"2026-04-29 20:28:44"
355,"Hina Khan",35201-1384626-1,1983-06-16,Female,Quetta,0321-2014843,hina964@hotmail.com,Freelancer,138835.98,24,"2026-04-29 20:28:44"
356,"Sara Mirza",38401-2479921-8,1963-07-25,Female,Islamabad,0345-1657404,sara183@hotmail.com,Retired,158546.33,15,"2026-04-29 20:28:44"
357,"Waqar Khan",38401-3096140-1,1990-07-11,Male,Karachi,0301-4151658,waqar428@gmail.com,"HR Manager",232344.52,16,"2026-04-29 20:28:44"
358,"Salman Mehmood",21301-4136706-6,1974-03-31,Male,Peshawar,0321-9213133,salman116@yahoo.com,Contractor,232888.72,37,"2026-04-29 20:28:44"
359,"Hina Khan",61101-1865394-5,1961-11-02,Female,Karachi,0301-5557559,hina644@yahoo.com,Businessman,44345.74,25,"2026-04-29 20:28:44"
360,"Asad Hussain",35201-1360913-2,1976-07-18,Male,Faisalabad,0312-1512997,asad514@hotmail.com,Businessman,50364.72,36,"2026-04-29 20:28:44"
361,"Sara Farooq",35201-2749902-4,1981-08-24,Female,Quetta,0312-4804742,sara134@gmail.com,Engineer,260349.12,6,"2026-04-29 20:28:44"
362,"Imran Farooq",42101-4232378-3,1980-11-12,Male,Karachi,0311-3860041,imran966@yahoo.com,"Sales Manager",NULL,2,"2026-04-29 20:28:44"
363,"Ali Aziz",42101-2785821-2,1969-04-29,Male,Lahore,0301-3616892,ali407@gmail.com,Retailer,NULL,44,"2026-04-29 20:28:44"
364,"Kashif Ali",35201-7170831-3,1984-02-05,Male,Peshawar,0312-7248395,kashif716@yahoo.com,"Software Dev",NULL,5,"2026-04-29 20:28:44"
365,"Hamza Khan",38401-7981595-9,1963-03-20,Male,Multan,0311-2673101,hamza84@yahoo.com,Student,439538.39,26,"2026-04-29 20:28:44"
366,"Usman Sheikh",38401-2752483-6,NULL,Male,Lahore,0312-5131330,usman246@hotmail.com,Engineer,446678.87,49,"2026-04-29 20:28:44"
367,"Aamir Sheikh",42101-8826982-8,1998-07-24,Male,Peshawar,0345-8663920,aamir833@gmail.com,Accountant,277851.09,45,"2026-04-29 20:28:44"
368,"Sheeza Ahmed",61101-5190383-6,1962-01-05,Female,Multan,0311-2214430,sheeza52@hotmail.com,Doctor,328921.48,1,"2026-04-29 20:28:44"
369,"Faisal Hussain",35401-1521504-2,1981-08-01,Male,Quetta,0333-8183505,faisal459@gmail.com,Lecturer,313922.50,36,"2026-04-29 20:28:44"
370,"Rabia Aziz",35201-6160697-5,1985-11-29,Female,Quetta,0345-8108886,rabia581@hotmail.com,Contractor,301936.86,43,"2026-04-29 20:28:44"
371,"Zubair Raza",38401-6574315-2,1964-03-03,Male,Faisalabad,0312-3758272,zubair5@yahoo.com,"Govt Employee",NULL,5,"2026-04-29 20:28:44"
372,"Faisal Baig",35401-8381735-3,1978-04-01,Male,Lahore,0301-3557690,faisal43@hotmail.com,Businessman,353594.37,16,"2026-04-29 20:28:44"
373,"Muhammad Hussain",38401-7043193-1,1993-07-21,Male,Lahore,0301-2679831,muhammad103@gmail.com,"Sales Manager",81292.28,37,"2026-04-29 20:28:44"
374,"Maryam Malik",61101-2527231-5,1989-09-03,Female,Faisalabad,0301-5722901,maryam234@yahoo.com,Retired,381108.88,8,"2026-04-29 20:28:44"
375,"Mehwish Aziz",21301-6364466-4,1963-03-13,Female,Karachi,0312-8642207,mehwish13@hotmail.com,Doctor,323660.31,2,"2026-04-29 20:28:44"
376,"Hamza Mehmood",42201-7240336-3,1967-01-11,Male,Quetta,0345-9231274,hamza758@gmail.com,Trader,369802.21,13,"2026-04-29 20:28:44"
377,"Nadia Gul",38401-6215596-8,2000-11-25,Female,Islamabad,0300-6012597,nadia956@gmail.com,Doctor,NULL,33,"2026-04-29 20:28:44"
378,"Hira Dar",42101-5547493-9,1988-04-23,Female,Islamabad,0311-3194609,hira141@gmail.com,"Govt Employee",83758.94,42,"2026-04-29 20:28:44"
379,"Imran Saleem",35401-1548486-2,1976-04-25,Male,Faisalabad,0312-4899996,NULL,Student,179558.04,17,"2026-04-29 20:28:44"
380,"Aamir Ali",42101-9652657-6,1990-08-07,Male,Faisalabad,0345-1871475,aamir440@hotmail.com,"Govt Employee",389512.73,16,"2026-04-29 20:28:44"
381,"Nadia Qureshi",38401-3805371-9,1998-07-19,Female,Karachi,0333-9448476,nadia63@yahoo.com,Teacher,234086.44,23,"2026-04-29 20:28:44"
382,"Rubab Ali",42201-7624121-3,1974-11-28,Female,Faisalabad,0345-7393120,rubab576@yahoo.com,"Software Dev",NULL,47,"2026-04-29 20:28:44"
383,"Amna Malik",42101-3636940-5,1994-12-14,Female,Multan,0321-4510089,amna552@hotmail.com,Nurse,301286.05,48,"2026-04-29 20:28:44"
384,"Saima Gul",42201-8331620-4,1970-05-26,Female,Islamabad,0312-7227468,saima976@yahoo.com,Lawyer,342675.82,29,"2026-04-29 20:28:44"
385,"Hira Iqbal",38401-9651525-4,1965-11-02,Female,Lahore,0301-3681710,hira249@yahoo.com,Lawyer,408200.10,17,"2026-04-29 20:28:44"
386,"Rabia Akhtar",42101-1617265-9,1992-01-18,Female,Multan,0301-6986028,rabia369@yahoo.com,"HR Manager",161528.83,8,"2026-04-29 20:28:44"
387,"Waqar Siddiqui",42101-5905799-2,1968-02-16,Male,Multan,0333-6635366,waqar979@hotmail.com,Businessman,210581.51,37,"2026-04-29 20:28:44"
388,"Muhammad Ahmed",61101-4722422-7,1990-06-06,Male,Peshawar,0300-7269026,muhammad382@hotmail.com,Lecturer,NULL,42,"2026-04-29 20:28:44"
389,"Asad Gul",21301-7556560-8,1988-02-17,Male,Quetta,0345-5476924,asad311@gmail.com,Freelancer,156453.94,33,"2026-04-29 20:28:44"
390,"Asad Raza",61101-8357138-5,1989-11-18,Male,Islamabad,0321-4019970,asad297@hotmail.com,Student,100055.16,7,"2026-04-29 20:28:44"
391,"Hamza Baig",35201-3439523-4,1968-12-27,Male,Peshawar,0300-9842073,hamza311@hotmail.com,"HR Manager",269940.91,16,"2026-04-29 20:28:44"
392,"Salman Hussain",38401-4637417-3,1969-06-26,Male,Karachi,0301-9520025,salman210@gmail.com,"HR Manager",219434.52,15,"2026-04-29 20:28:44"
393,"Sana Akhtar",61101-6088093-5,1982-07-19,Female,Faisalabad,0321-3684806,sana449@hotmail.com,Student,285824.28,25,"2026-04-29 20:28:44"
394,"Maira Javed",21301-6306598-8,1993-03-22,Female,Karachi,0311-8334513,maira962@hotmail.com,Engineer,255381.94,23,"2026-04-29 20:28:44"
395,"Sobia Raza",42101-1316532-2,1997-09-18,Female,Karachi,0301-6207284,sobia575@hotmail.com,Doctor,111529.67,37,"2026-04-29 20:28:44"
396,"Rubab Qureshi",35401-6391172-9,1965-05-31,Female,Quetta,0301-3265471,rubab991@hotmail.com,"Sales Manager",NULL,26,"2026-04-29 20:28:44"
397,"Kashif Ahmed",35201-3845152-1,1985-04-30,Male,Islamabad,0311-4734846,kashif168@gmail.com,"Sales Manager",125904.98,31,"2026-04-29 20:28:44"
398,"Sajid Butt",42101-9304849-8,1985-02-09,Male,Karachi,0333-3289288,sajid824@yahoo.com,Student,329591.45,16,"2026-04-29 20:28:44"
399,"Waqar Afridi",42201-8074934-2,1969-04-20,Male,Multan,0345-1446018,waqar492@yahoo.com,Contractor,28465.05,36,"2026-04-29 20:28:44"
400,"Hassan Javed",21301-6219488-8,1987-04-15,Male,Quetta,0333-4253802,hassan575@yahoo.com,Accountant,NULL,38,"2026-04-29 20:28:44"
401,"Raheel Ahmed",42201-3888118-9,1986-02-19,Male,Quetta,0333-9948435,raheel248@gmail.com,"Sales Manager",356755.93,23,"2026-04-29 20:28:44"
402,"Zubair Sheikh",38401-3429609-8,1990-04-09,Male,Faisalabad,0312-5020889,zubair154@hotmail.com,Contractor,107316.47,2,"2026-04-29 20:28:44"
403,"Maira Malik",42101-9619632-3,1974-03-03,Female,Peshawar,0311-1650160,maira913@hotmail.com,Retired,429972.68,20,"2026-04-29 20:28:44"
404,"Zubair Mirza",42201-3529663-9,1982-03-22,Male,Islamabad,0345-4510282,zubair648@gmail.com,Nurse,285619.02,20,"2026-04-29 20:28:44"
405,"Sheeza Ahmed",61101-2013292-9,1965-11-06,Female,Multan,0312-8283328,sheeza405@yahoo.com,"HR Manager",281892.68,4,"2026-04-29 20:28:44"
406,"Kamran Ali",35201-8359685-4,1979-05-24,Male,Multan,0321-5803195,kamran337@gmail.com,Lecturer,152671.31,22,"2026-04-29 20:28:44"
407,"Usman Aziz",42201-2928791-3,1983-05-11,Male,Multan,0321-4837339,usman990@gmail.com,"HR Manager",445892.51,16,"2026-04-29 20:28:44"
408,"Kamran Raza",38401-7399562-6,1974-06-16,Male,Quetta,0333-7116777,kamran485@hotmail.com,Teacher,138846.46,19,"2026-04-29 20:28:44"
409,"Rubab Akhtar",42201-4709699-4,1987-07-02,Female,Multan,0312-4102285,rubab627@hotmail.com,Retired,NULL,42,"2026-04-29 20:28:44"
410,"Sara Dar",35201-8434373-6,1997-08-22,Female,Quetta,0311-1306582,sara239@hotmail.com,Lawyer,87917.60,34,"2026-04-29 20:28:44"
411,"Shahid Farooq",42201-5164023-7,1980-12-04,Male,Peshawar,0300-8726648,shahid982@gmail.com,Lawyer,433615.66,16,"2026-04-29 20:28:44"
412,"Ayesha Siddiqui",61101-6322073-5,1978-02-23,Female,Lahore,0321-7447214,ayesha554@hotmail.com,Businessman,425677.56,7,"2026-04-29 20:28:44"
413,"Salman Ali",42101-5999612-3,1964-01-18,Male,Peshawar,0311-5909224,salman934@yahoo.com,"Govt Employee",161804.19,9,"2026-04-29 20:28:44"
414,"Ahmed Dar",35401-8094260-3,1964-07-26,Male,Lahore,0333-9403294,ahmed618@gmail.com,Engineer,262084.19,48,"2026-04-29 20:28:44"
415,"Sajid Afridi",42201-8565280-7,1962-12-05,Male,Multan,0311-4262973,sajid698@yahoo.com,Retailer,161749.08,35,"2026-04-29 20:28:44"
416,"Muhammad Raza",42101-4976938-7,1980-02-13,Male,Quetta,0345-2854873,muhammad417@gmail.com,Freelancer,NULL,14,"2026-04-29 20:28:44"
417,"Rabia Raza",38401-2526622-4,1983-09-15,Female,Faisalabad,0301-6304010,rabia278@yahoo.com,Nurse,299968.32,44,"2026-04-29 20:28:44"
418,"Fareeha Sheikh",61101-7995844-8,NULL,Female,Multan,0300-5365102,NULL,Doctor,297603.22,40,"2026-04-29 20:28:44"
419,"Hina Malik",42201-4921398-6,NULL,Female,Faisalabad,0311-6392671,hina300@gmail.com,Student,381663.38,11,"2026-04-29 20:28:44"
420,"Adnan Qureshi",38401-8102055-6,1973-09-23,Male,Karachi,0333-1492584,adnan117@gmail.com,Businessman,408343.34,50,"2026-04-29 20:28:44"
421,"Hina Baig",21301-5827811-6,1961-04-20,Female,Quetta,0345-8141200,hina400@gmail.com,Businessman,250139.62,10,"2026-04-29 20:28:44"
422,"Hira Ahmed",38401-9643060-1,1994-09-23,Female,Karachi,0345-1635222,hira811@gmail.com,Teacher,439432.72,33,"2026-04-29 20:28:44"
423,"Amna Aziz",35201-1862534-9,NULL,Female,Peshawar,0300-3585435,amna465@gmail.com,Retailer,336056.68,4,"2026-04-29 20:28:44"
424,"Asad Iqbal",38401-6839231-4,1976-10-13,Male,Peshawar,0301-1155279,asad915@hotmail.com,Contractor,278427.36,15,"2026-04-29 20:28:44"
425,"Waqar Baloch",35201-4969643-9,1996-12-14,Male,Faisalabad,0345-3427056,waqar168@gmail.com,Contractor,35622.09,28,"2026-04-29 20:28:44"
426,"Salman Javed",42101-2171936-3,1997-08-07,Male,Multan,0301-7284156,salman309@hotmail.com,Freelancer,31266.49,42,"2026-04-29 20:28:44"
427,"Raheel Siddiqui",42201-2525821-7,1974-03-24,Male,Quetta,0321-7046621,raheel372@yahoo.com,Accountant,241275.11,23,"2026-04-29 20:28:44"
428,"Saima Dar",61101-6139687-8,1974-11-05,Female,Quetta,0300-1656765,saima897@hotmail.com,Doctor,425685.22,49,"2026-04-29 20:28:44"
429,"Bilal Baloch",21301-9712586-8,1976-02-10,Male,Islamabad,0345-9331764,bilal831@gmail.com,Doctor,102377.43,30,"2026-04-29 20:28:44"
430,"Shahid Khan",61101-2094036-4,1982-02-16,Male,Karachi,0312-4666539,shahid511@hotmail.com,Teacher,242363.25,11,"2026-04-29 20:28:44"
431,"Salman Qureshi",61101-3129064-5,1988-01-10,Male,Multan,0300-1304429,salman88@gmail.com,Trader,206287.52,38,"2026-04-29 20:28:44"
432,"Fatima Dar",21301-2162354-2,1977-02-16,Female,Peshawar,0301-5044192,fatima631@hotmail.com,Trader,121111.51,28,"2026-04-29 20:28:44"
433,"Adnan Ahmed",38401-4688164-6,1977-06-09,Male,Faisalabad,0311-2460376,adnan643@hotmail.com,Accountant,212441.72,43,"2026-04-29 20:28:44"
434,"Faisal Gul",61101-3855237-8,1986-01-20,Male,Multan,0311-2080076,faisal468@gmail.com,"Software Dev",181424.67,3,"2026-04-29 20:28:44"
435,"Zara Mirza",35201-2858571-7,1988-08-08,Female,Quetta,0311-8512009,zara77@gmail.com,Trader,329434.17,16,"2026-04-29 20:28:44"
436,"Asad Ahmed",38401-3719468-1,1977-04-29,Male,Faisalabad,0333-9456099,NULL,Lawyer,274839.26,35,"2026-04-29 20:28:44"
437,"Mehwish Butt",42101-7185492-8,1961-04-22,Female,Islamabad,0300-8970206,mehwish890@gmail.com,"Software Dev",238427.61,18,"2026-04-29 20:28:44"
438,"Raheel Sheikh",35201-5289856-1,1964-08-01,Male,Quetta,0333-1553642,raheel225@hotmail.com,"Govt Employee",81209.45,1,"2026-04-29 20:28:44"
439,"Kiran Siddiqui",61101-5841985-1,1980-12-30,Female,Peshawar,0345-2175766,kiran723@yahoo.com,Lawyer,405091.14,7,"2026-04-29 20:28:44"
440,"Asad Aziz",61101-1983442-8,1978-04-01,Male,Quetta,0301-8003615,asad634@gmail.com,Lawyer,311966.31,3,"2026-04-29 20:28:44"
441,"Hina Baloch",21301-1255703-9,1968-10-27,Female,Peshawar,0301-7952127,hina84@hotmail.com,"Govt Employee",222238.83,44,"2026-04-29 20:28:44"
442,"Zainab Afridi",21301-1730259-3,1987-04-16,Female,Islamabad,0301-2934737,zainab857@yahoo.com,Teacher,65248.45,31,"2026-04-29 20:28:44"
443,"Muhammad Akhtar",35401-9402906-8,1984-07-03,Male,Quetta,0333-9803984,NULL,Businessman,256742.02,19,"2026-04-29 20:28:44"
444,"Sajid Sheikh",38401-6111793-6,1980-12-04,Male,Quetta,0345-5777468,sajid890@yahoo.com,Teacher,354002.49,39,"2026-04-29 20:28:44"
445,"Ali Qureshi",42101-3688389-8,1970-05-30,Male,Quetta,0345-2478820,ali841@hotmail.com,"Software Dev",NULL,15,"2026-04-29 20:28:44"
446,"Zainab Qureshi",42101-5894927-1,1994-08-23,Female,Multan,0345-5631321,zainab33@hotmail.com,Engineer,110550.80,3,"2026-04-29 20:28:44"
447,"Muhammad Malik",38401-8626537-7,1964-09-03,Male,Lahore,0301-6085058,muhammad884@hotmail.com,Businessman,NULL,8,"2026-04-29 20:28:44"
448,"Usman Iqbal",42101-4983269-8,1966-09-12,Male,Faisalabad,0333-2642459,usman643@hotmail.com,"HR Manager",175387.03,11,"2026-04-29 20:28:44"
449,"Tariq Mehmood",35201-6066246-2,1963-03-10,Male,Lahore,0312-6059324,tariq418@gmail.com,Freelancer,387414.96,40,"2026-04-29 20:28:44"
450,"Faisal Farooq",38401-5029600-2,1966-12-28,Male,Lahore,0345-4429069,faisal654@hotmail.com,Retailer,116065.90,20,"2026-04-29 20:28:44"
451,"Tariq Qureshi",38401-9193678-1,1996-04-04,Male,Karachi,0321-4579408,tariq908@gmail.com,Businessman,108384.24,31,"2026-04-29 20:28:44"
452,"Aamir Farooq",21301-2251789-7,NULL,Male,Faisalabad,0312-1138365,aamir170@hotmail.com,Engineer,195339.94,28,"2026-04-29 20:28:44"
453,"Sheeza Iqbal",21301-1219814-1,1991-10-25,Female,Karachi,0312-9020099,sheeza405@gmail.com,"Govt Employee",366247.81,28,"2026-04-29 20:28:44"
454,"Waqar Aziz",38401-5967298-2,1995-03-29,Male,Quetta,0312-4866163,waqar157@yahoo.com,"Software Dev",69399.11,39,"2026-04-29 20:28:44"
455,"Asad Baig",21301-3144361-8,1967-06-01,Male,Peshawar,0301-7628665,asad800@hotmail.com,Nurse,290347.47,44,"2026-04-29 20:28:44"
456,"Hamza Dar",35401-3563969-7,1978-11-07,Male,Karachi,0300-8862551,hamza69@yahoo.com,Accountant,49002.51,12,"2026-04-29 20:28:44"
457,"Hina Sheikh",21301-5545468-8,1984-09-06,Female,Lahore,0345-3876958,hina276@yahoo.com,Contractor,412910.20,5,"2026-04-29 20:28:44"
458,"Maryam Baig",42101-9715911-3,1996-03-14,Female,Islamabad,0321-8640602,maryam530@hotmail.com,Accountant,65413.04,8,"2026-04-29 20:28:44"
459,"Bushra Dar",35201-3568137-2,1999-04-08,Female,Lahore,0300-9519436,bushra21@hotmail.com,"Sales Manager",NULL,41,"2026-04-29 20:28:44"
460,"Zubair Ali",21301-6603002-6,1992-05-17,Male,Quetta,0300-7005582,zubair44@yahoo.com,Engineer,215294.02,30,"2026-04-29 20:28:44"
461,"Sana Akhtar",21301-2398831-7,1987-05-24,Female,Faisalabad,0345-6081275,sana954@yahoo.com,Doctor,163509.90,2,"2026-04-29 20:28:44"
462,"Junaid Afridi",35401-5940597-3,1995-05-21,Male,Multan,0333-6310888,junaid917@hotmail.com,Freelancer,NULL,49,"2026-04-29 20:28:44"
463,"Mehwish Ali",35201-4276385-6,1988-08-02,Female,Faisalabad,0312-3313074,mehwish317@yahoo.com,Lawyer,294440.45,36,"2026-04-29 20:28:44"
464,"Nimra Farooq",61101-7311803-4,1997-02-01,Female,Faisalabad,0345-8650772,nimra293@yahoo.com,Engineer,373668.93,28,"2026-04-29 20:28:44"
465,"Shahid Siddiqui",35401-6846014-1,1969-10-16,Male,Quetta,0312-5046794,shahid641@yahoo.com,Lawyer,133219.64,43,"2026-04-29 20:28:44"
466,"Ali Baloch",42101-2094182-1,1974-06-03,Male,Karachi,0345-4741703,ali425@hotmail.com,Accountant,46470.77,11,"2026-04-29 20:28:44"
467,"Hamza Baloch",42101-3594982-3,1977-05-13,Male,Faisalabad,0300-8813949,hamza958@yahoo.com,Accountant,57626.97,3,"2026-04-29 20:28:44"
468,"Asad Mirza",42201-7947797-8,1983-05-18,Male,Quetta,0311-1224881,NULL,"Software Dev",268653.39,16,"2026-04-29 20:28:44"
469,"Shahid Farooq",21301-9832376-2,1982-11-23,Male,Multan,0312-9471526,shahid625@hotmail.com,Businessman,NULL,31,"2026-04-29 20:28:44"
470,"Sheeza Akhtar",38401-5570786-2,NULL,Female,Peshawar,0312-9033322,sheeza300@yahoo.com,"Software Dev",NULL,14,"2026-04-29 20:28:44"
471,"Sajid Afridi",38401-4518083-7,1975-12-04,Male,Islamabad,0312-4331321,sajid157@hotmail.com,Businessman,214739.88,34,"2026-04-29 20:28:44"
472,"Bilal Baloch",21301-4985606-4,1971-06-07,Male,Peshawar,0321-5407982,bilal449@hotmail.com,Lecturer,227412.71,50,"2026-04-29 20:28:44"
473,"Sobia Khan",38401-5211073-7,1965-06-07,Female,Peshawar,0311-2362355,sobia380@gmail.com,Contractor,444447.05,43,"2026-04-29 20:28:44"
474,"Ayesha Mehmood",35201-7167908-7,1961-06-18,Female,Peshawar,0311-7531495,ayesha869@gmail.com,Freelancer,278516.16,8,"2026-04-29 20:28:44"
475,"Kiran Saleem",35401-3359066-4,1993-01-17,Female,Islamabad,0301-6216004,kiran136@gmail.com,Accountant,39566.80,25,"2026-04-29 20:28:44"
476,"Hina Baloch",38401-2236088-3,NULL,Female,Peshawar,0345-9746960,hina367@yahoo.com,"Software Dev",440860.70,14,"2026-04-29 20:28:44"
477,"Iqra Qureshi",35401-1777399-3,1980-05-06,Female,Lahore,0301-9448921,iqra926@hotmail.com,Student,447333.51,44,"2026-04-29 20:28:44"
478,"Faisal Butt",35401-7432238-2,1963-11-11,Male,Faisalabad,0333-9863742,faisal315@gmail.com,Contractor,420259.85,18,"2026-04-29 20:28:44"
479,"Fareeha Hussain",35401-2605728-9,1960-09-24,Female,Peshawar,0300-4607984,fareeha744@gmail.com,"Govt Employee",315335.77,2,"2026-04-29 20:28:44"
480,"Amna Hussain",42101-7947895-5,NULL,Female,Lahore,0311-4155116,amna767@gmail.com,Contractor,310838.20,10,"2026-04-29 20:28:44"
481,"Iqra Sheikh",35401-6006099-7,1985-02-18,Female,Lahore,0300-4269399,iqra650@hotmail.com,Businessman,NULL,48,"2026-04-29 20:28:44"
482,"Sajid Butt",35201-1541020-9,1993-10-20,Male,Peshawar,0333-7059765,NULL,"HR Manager",215594.55,17,"2026-04-29 20:28:44"
483,"Rubab Siddiqui",42201-2003693-6,1983-06-30,Female,Multan,0311-4090285,rubab451@gmail.com,"HR Manager",112273.78,7,"2026-04-29 20:28:44"
484,"Ayesha Hussain",38401-6430147-7,1984-11-22,Female,Quetta,0321-7022079,ayesha883@gmail.com,Doctor,401202.76,30,"2026-04-29 20:28:44"
485,"Kashif Hussain",35401-7364202-2,1973-09-07,Male,Lahore,0345-9427793,kashif792@gmail.com,"Sales Manager",244767.64,30,"2026-04-29 20:28:44"
486,"Hina Baig",42101-4006088-9,1997-08-31,Female,Islamabad,0311-9047121,hina633@gmail.com,Retired,139067.30,29,"2026-04-29 20:28:44"
487,"Rubab Raza",61101-1668149-7,1969-01-17,Female,Peshawar,0312-1354224,NULL,Lawyer,225321.28,40,"2026-04-29 20:28:44"
488,"Usman Qureshi",35401-7999908-1,1976-01-10,Male,Karachi,0300-8270632,usman155@gmail.com,Student,NULL,5,"2026-04-29 20:28:44"
489,"Bilal Malik",38401-2210054-1,1990-05-04,Male,Islamabad,0300-5348676,bilal408@hotmail.com,Lecturer,395809.64,9,"2026-04-29 20:28:44"
490,"Zara Malik",35201-5034442-7,1980-09-08,Female,Peshawar,0345-7659740,zara300@gmail.com,Businessman,285261.03,4,"2026-04-29 20:28:44"
491,"Muhammad Sheikh",35201-5057126-8,1989-07-19,Male,Faisalabad,0311-8666403,muhammad567@hotmail.com,Lawyer,87497.96,10,"2026-04-29 20:28:44"
492,"Sobia Aziz",42201-9929368-5,2000-02-07,Female,Multan,0345-9321785,sobia843@hotmail.com,Retailer,169667.26,40,"2026-04-29 20:28:44"
493,"Nadia Dar",61101-3406815-6,1987-12-04,Female,Lahore,0345-7461573,nadia685@yahoo.com,Accountant,255828.14,32,"2026-04-29 20:28:44"
494,"Hamza Ahmed",42101-6947821-9,NULL,Male,Islamabad,0301-6771485,hamza701@hotmail.com,Doctor,42573.25,41,"2026-04-29 20:28:44"
495,"Kamran Baig",35401-4541052-9,1986-08-01,Male,Karachi,0333-8718943,kamran99@gmail.com,Student,386612.51,44,"2026-04-29 20:28:44"
496,"Kiran Siddiqui",35201-7988515-3,1995-04-12,Female,Islamabad,0321-2666133,kiran364@hotmail.com,Freelancer,52422.04,48,"2026-04-29 20:28:44"
497,"Fareeha Raza",38401-6238659-3,1974-09-13,Female,Faisalabad,0301-8812916,fareeha228@gmail.com,Lawyer,409184.48,9,"2026-04-29 20:28:44"
498,"Muhammad Ali",35201-6573403-2,1982-11-13,Male,Multan,0321-7869921,muhammad795@yahoo.com,Lecturer,127717.31,35,"2026-04-29 20:28:44"
499,"Hina Siddiqui",38401-7457252-9,1972-03-24,Female,Karachi,0301-4957388,hina559@gmail.com,Doctor,320647.58,23,"2026-04-29 20:28:44"
500,"Bushra Saleem",35401-7785400-8,1966-04-28,Female,Multan,0311-3863713,bushra679@hotmail.com,Lawyer,NULL,16,"2026-04-29 20:28:44"
