txn_id,account_id,txn_date,txn_type,amount,balance_after,channel,description
1,243,"2018-08-07 00:00:00",Transfer,324261.72,2509566.95,"Internet Banking","Online purchase"
2,38,"2018-06-28 00:00:00",Withdraw,333618.37,1147727.43,ATM,"Utility bill"
3,335,"2022-08-10 00:00:00",Transfer,196249.29,1582196.17,"Mobile App","Bonus credit"
4,553,"2022-09-02 00:00:00",Withdraw,233312.10,3001749.80,"Internet Banking","Online purchase"
5,221,"2019-04-11 00:00:00",Withdraw,229878.54,2933961.23,Branch,"Salary credit"
6,94,"2020-04-07 00:00:00",Transfer,73569.13,3915051.55,ATM,"Utility bill"
7,573,"2018-03-03 00:00:00",Transfer,199146.95,3279507.51,"Internet Banking","Cash deposit"
8,557,"2023-11-22 00:00:00",Withdraw,248645.20,1440310.28,Branch,Dividend
9,549,"2019-05-22 00:00:00",Deposit,76913.95,323145.32,ATM,Fuel
10,74,"2022-06-05 00:00:00",Withdraw,108921.18,2390484.90,"Internet Banking","Salary credit"
11,208,"2021-04-20 00:00:00",Transfer,139563.16,2881285.83,"Mobile App","Salary credit"
12,332,"2021-03-02 00:00:00",Transfer,35466.50,1350963.99,"Mobile App","Rent payment"
13,556,"2022-11-17 00:00:00",Withdraw,158582.94,3225284.83,NULL,"Utility bill"
14,51,"2024-01-07 00:00:00",Transfer,146018.95,2745752.15,Branch,"Salary credit"
15,432,"2018-08-13 00:00:00",Deposit,213415.45,558068.22,NULL,"Rent payment"
16,397,"2020-07-05 00:00:00",Transfer,43372.34,3756475.39,"Internet Banking",Grocery
17,132,"2021-05-13 00:00:00",Transfer,83598.61,1279788.15,Branch,"Online purchase"
18,461,"2020-12-07 00:00:00",Transfer,280778.41,1137275.66,"Internet Banking","Utility bill"
19,116,"2022-03-27 00:00:00",Transfer,197784.56,1782089.65,Branch,"ATM withdrawal"
20,442,"2024-05-14 00:00:00",Withdraw,326205.72,3505778.86,Branch,Grocery
21,429,"2022-02-27 00:00:00",Withdraw,331440.80,2571988.18,Branch,"Vendor payment"
22,391,"2019-06-10 00:00:00",Withdraw,31465.06,855812.61,"Mobile App",NULL
23,381,"2018-09-11 00:00:00",Withdraw,169027.99,3191000.16,Branch,"Cash deposit"
24,138,"2024-01-17 00:00:00",Withdraw,270820.66,3630243.94,ATM,NULL
25,424,"2019-06-24 00:00:00",Transfer,272038.20,3415455.54,"Internet Banking",NULL
26,251,"2018-06-28 00:00:00",Deposit,7708.76,3376247.95,"Mobile App","Online purchase"
27,78,"2021-02-14 00:00:00",Deposit,57267.75,2320657.78,Branch,Medical
28,77,"2023-02-28 00:00:00",Transfer,61081.08,2611997.84,ATM,"School fees"
29,248,"2020-05-24 00:00:00",Deposit,99504.82,3082708.02,"Mobile App","Salary credit"
30,527,"2024-06-15 00:00:00",Transfer,265414.84,3188481.61,Branch,Dividend
31,69,"2023-06-18 00:00:00",Transfer,262155.50,1457502.47,"Mobile App","ATM withdrawal"
32,542,"2023-03-31 00:00:00",Deposit,201062.39,3274435.21,"Mobile App",Medical
33,504,"2019-09-30 00:00:00",Withdraw,230469.97,1311567.80,"Mobile App",NULL
34,116,"2021-11-05 00:00:00",Transfer,208381.39,3688002.01,"Internet Banking","School fees"
35,71,"2023-12-29 00:00:00",Deposit,185467.38,3576921.52,"Internet Banking",Dividend
36,82,"2021-06-08 00:00:00",Withdraw,366731.86,2740552.01,"Mobile App","Fund transfer"
37,509,"2023-08-17 00:00:00",Withdraw,215146.37,1371979.49,"Internet Banking",NULL
38,349,"2020-10-27 00:00:00",Deposit,20497.23,502382.55,Branch,"Salary credit"
39,27,"2020-09-27 00:00:00",Transfer,339248.04,2230953.68,Branch,"ATM withdrawal"
40,379,"2022-07-24 00:00:00",Deposit,30414.00,390212.83,Branch,"Rent payment"
41,199,"2023-04-15 00:00:00",Deposit,236676.34,609518.65,ATM,NULL
42,595,"2019-01-19 00:00:00",Withdraw,80346.86,1117358.06,"Mobile App",Grocery
43,188,"2018-11-07 00:00:00",Transfer,252203.72,3452608.71,"Internet Banking",Medical
44,197,"2021-03-23 00:00:00",Withdraw,148636.36,1839849.33,"Mobile App","Bonus credit"
45,77,"2024-01-29 00:00:00",Deposit,282486.27,1404103.73,"Internet Banking","Rent payment"
46,546,"2019-07-08 00:00:00",Withdraw,53275.75,2354989.33,ATM,"Utility bill"
47,451,"2023-05-03 00:00:00",Withdraw,110236.05,412133.50,"Mobile App","Online purchase"
48,213,"2023-12-26 00:00:00",Transfer,58048.73,3420911.15,ATM,"Vendor payment"
49,2,"2023-11-14 00:00:00",Withdraw,324087.42,1495701.88,Branch,"Rent payment"
50,570,"2019-11-19 00:00:00",Transfer,337083.35,674762.46,"Internet Banking",NULL
51,139,"2019-01-01 00:00:00",Transfer,346018.63,2178707.28,ATM,"Bonus credit"
52,408,"2018-09-29 00:00:00",Transfer,169681.82,2268287.16,"Internet Banking","School fees"
53,588,"2022-05-09 00:00:00",Withdraw,129935.21,2143216.83,"Internet Banking",Grocery
54,138,"2019-09-29 00:00:00",Deposit,191162.17,877691.70,ATM,"ATM withdrawal"
55,320,"2018-04-30 00:00:00",Transfer,216408.61,3526422.08,"Internet Banking","Utility bill"
56,147,"2022-08-24 00:00:00",Withdraw,205118.35,106604.78,ATM,"Cash deposit"
57,36,"2019-05-11 00:00:00",Withdraw,260474.44,2686016.56,ATM,"Insurance premium"
58,35,"2020-12-04 00:00:00",Withdraw,23145.22,3842316.23,Branch,"School fees"
59,94,"2021-02-16 00:00:00",Deposit,213144.50,3923036.26,ATM,"ATM withdrawal"
60,20,"2022-04-11 00:00:00",Deposit,71186.92,1381555.78,"Internet Banking",Grocery
61,117,"2022-07-20 00:00:00",Withdraw,17754.01,881432.65,"Mobile App",NULL
62,278,"2018-05-13 00:00:00",Deposit,109898.83,465262.55,"Internet Banking",NULL
63,102,"2023-01-24 00:00:00",Transfer,176294.22,470790.00,NULL,NULL
64,50,"2021-02-02 00:00:00",Transfer,140315.58,672340.95,"Internet Banking","ATM withdrawal"
65,315,"2018-11-19 00:00:00",Withdraw,249571.93,2769310.21,"Internet Banking","Rent payment"
66,436,"2019-02-11 00:00:00",Withdraw,210295.01,1002944.43,Branch,"Utility bill"
67,470,"2024-01-23 00:00:00",Transfer,221970.44,2528500.86,Branch,"Salary credit"
68,505,"2019-06-09 00:00:00",Transfer,399135.28,3578515.29,Branch,"Rent payment"
69,445,"2020-10-23 00:00:00",Deposit,335665.43,3196805.42,"Internet Banking","Salary credit"
70,444,"2019-03-06 00:00:00",Deposit,165768.63,108807.68,"Mobile App","Utility bill"
71,597,"2023-11-27 00:00:00",Transfer,54383.91,1069285.27,"Internet Banking",NULL
72,258,"2023-09-06 00:00:00",Transfer,129774.57,492307.91,ATM,"Utility bill"
73,311,"2022-03-30 00:00:00",Transfer,147675.43,3776797.93,Branch,"Cash deposit"
74,16,"2019-02-02 00:00:00",Withdraw,33867.79,1069789.68,"Internet Banking","Online purchase"
75,262,"2018-03-23 00:00:00",Transfer,3420.32,818948.34,Branch,"Rent payment"
76,484,"2022-01-25 00:00:00",Deposit,31318.28,948283.17,"Mobile App",Fuel
77,245,"2023-03-31 00:00:00",Deposit,317626.82,3301402.84,ATM,"Rent payment"
78,74,"2024-04-24 00:00:00",Withdraw,4360.14,128395.54,"Mobile App","School fees"
79,534,"2020-09-09 00:00:00",Deposit,134033.93,2226494.02,Branch,"Rent payment"
80,153,"2020-11-09 00:00:00",Withdraw,265239.28,2884133.27,Branch,"Fund transfer"
81,293,"2021-12-18 00:00:00",Deposit,136596.44,2815927.54,ATM,Fuel
82,366,"2021-03-06 00:00:00",Transfer,54430.04,2610008.93,"Mobile App",Grocery
83,216,"2021-08-04 00:00:00",Withdraw,261516.59,192147.33,"Mobile App","Vendor payment"
84,421,"2024-02-15 00:00:00",Deposit,12606.86,3409059.13,"Internet Banking","Bonus credit"
85,273,"2023-05-30 00:00:00",Deposit,278838.45,2990180.97,"Mobile App","Online purchase"
86,258,"2022-06-05 00:00:00",Transfer,87907.23,3114733.43,ATM,"Cash deposit"
87,563,"2021-07-08 00:00:00",Transfer,356875.60,3697411.18,"Mobile App","Vendor payment"
88,514,"2019-01-18 00:00:00",Deposit,83865.51,2613595.05,NULL,Fuel
89,352,"2019-08-29 00:00:00",Withdraw,214011.10,3274260.68,"Internet Banking",NULL
90,438,"2020-04-12 00:00:00",Withdraw,336396.51,285887.62,NULL,"Utility bill"
91,124,"2020-05-30 00:00:00",Deposit,246948.02,2331380.09,"Internet Banking","Rent payment"
92,385,"2018-03-06 00:00:00",Deposit,1958.52,2764077.86,"Internet Banking","Rent payment"
93,189,"2019-01-18 00:00:00",Transfer,356117.53,391402.82,"Mobile App","Fund transfer"
94,462,"2020-11-01 00:00:00",Withdraw,79690.07,1037635.61,ATM,"Bonus credit"
95,256,"2021-10-10 00:00:00",Withdraw,365107.42,782555.95,ATM,Fuel
96,373,"2021-02-26 00:00:00",Withdraw,395610.75,2384205.93,Branch,"Fund transfer"
97,250,"2018-02-22 00:00:00",Deposit,132983.23,2950584.21,ATM,"Insurance premium"
98,502,"2020-11-21 00:00:00",Withdraw,256184.80,3255061.35,ATM,"Rent payment"
99,547,"2022-03-10 00:00:00",Transfer,94219.20,920478.13,"Internet Banking",Grocery
100,127,"2021-03-18 00:00:00",Deposit,8811.52,911926.10,ATM,"School fees"
101,108,"2019-05-08 00:00:00",Transfer,173593.78,3135479.30,"Internet Banking",Dividend
102,358,"2021-05-17 00:00:00",Withdraw,209357.39,1656915.37,ATM,"Fund transfer"
103,373,"2021-07-21 00:00:00",Deposit,12313.13,1548557.30,NULL,"School fees"
104,325,"2019-04-07 00:00:00",Withdraw,17229.05,2417774.14,"Internet Banking","Cash deposit"
105,35,"2022-09-03 00:00:00",Deposit,303132.72,1007717.84,ATM,NULL
106,412,"2024-04-12 00:00:00",Withdraw,58711.66,3147304.23,NULL,NULL
107,391,"2020-07-01 00:00:00",Transfer,307311.21,1140543.69,Branch,"Vendor payment"
108,141,"2019-03-14 00:00:00",Transfer,137640.15,2098735.82,Branch,Medical
109,344,"2019-06-17 00:00:00",Deposit,247143.42,207593.24,"Mobile App",Dividend
110,113,"2023-12-28 00:00:00",Deposit,18575.32,1599980.10,ATM,"Rent payment"
111,237,"2021-06-11 00:00:00",Withdraw,306891.10,884475.16,Branch,Fuel
112,195,"2021-08-04 00:00:00",Transfer,157589.89,131727.17,"Mobile App","Salary credit"
113,384,"2018-02-18 00:00:00",Deposit,301952.87,2040956.86,ATM,"Rent payment"
114,221,"2023-05-23 00:00:00",Transfer,216871.33,1425817.07,Branch,NULL
115,305,"2024-01-04 00:00:00",Withdraw,228740.80,1660109.82,Branch,"Cash deposit"
116,92,"2020-11-29 00:00:00",Transfer,352390.19,3685377.80,"Internet Banking",NULL
117,304,"2023-10-29 00:00:00",Deposit,13086.31,419362.16,Branch,"Rent payment"
118,166,"2021-07-17 00:00:00",Transfer,231591.58,1857806.88,"Mobile App","School fees"
119,256,"2023-06-01 00:00:00",Deposit,49595.15,2168229.73,Branch,"Utility bill"
120,510,"2018-08-07 00:00:00",Transfer,164357.49,3249041.81,"Internet Banking",Fuel
121,39,"2022-11-25 00:00:00",Deposit,226912.30,1087172.74,"Mobile App",Fuel
122,227,"2019-02-18 00:00:00",Transfer,64824.60,1006606.81,ATM,"Bonus credit"
123,568,"2021-08-30 00:00:00",Deposit,55505.35,1503869.75,"Internet Banking",Dividend
124,361,"2021-03-30 00:00:00",Transfer,339236.52,1101338.26,NULL,"Fund transfer"
125,127,"2020-07-15 00:00:00",Deposit,380444.27,2694403.84,"Internet Banking","Insurance premium"
126,542,"2020-11-05 00:00:00",Withdraw,91169.44,1178299.78,ATM,"Bonus credit"
127,141,"2022-08-28 00:00:00",Deposit,174233.46,1971558.79,"Mobile App","Bonus credit"
128,473,"2021-09-09 00:00:00",Transfer,152134.46,3012644.91,"Internet Banking",NULL
129,351,"2019-01-12 00:00:00",Transfer,294185.61,1332185.55,"Mobile App",Grocery
130,393,"2018-10-10 00:00:00",Transfer,348694.64,938907.21,"Mobile App","ATM withdrawal"
131,474,"2019-09-08 00:00:00",Transfer,232326.72,834028.17,ATM,"Online purchase"
132,267,"2022-03-18 00:00:00",Withdraw,288635.11,540812.05,"Mobile App","Bonus credit"
133,211,"2018-11-18 00:00:00",Withdraw,244207.90,1188080.77,Branch,"Online purchase"
134,466,"2021-06-27 00:00:00",Deposit,346617.91,3313263.38,Branch,Dividend
135,424,"2022-02-10 00:00:00",Transfer,325156.51,3244491.59,"Internet Banking","Vendor payment"
136,199,"2021-08-31 00:00:00",Withdraw,12830.07,8321.98,ATM,"Fund transfer"
137,127,"2024-03-20 00:00:00",Transfer,9019.67,1116821.90,"Mobile App","Salary credit"
138,523,"2021-02-05 00:00:00",Deposit,142876.32,1184628.67,"Mobile App","Rent payment"
139,21,"2019-04-28 00:00:00",Withdraw,175541.55,2648612.84,"Internet Banking","Fund transfer"
140,473,"2023-10-10 00:00:00",Deposit,77810.63,842608.99,"Internet Banking",Grocery
141,37,"2022-09-15 00:00:00",Withdraw,221673.96,1942905.89,Branch,Fuel
142,187,"2024-02-26 00:00:00",Deposit,156910.44,2471172.08,"Mobile App",NULL
143,417,"2023-10-02 00:00:00",Deposit,136938.96,3487421.12,ATM,"Online purchase"
144,375,"2018-06-11 00:00:00",Deposit,182193.75,774551.82,"Internet Banking","School fees"
145,314,"2020-06-19 00:00:00",Withdraw,186615.57,2261968.05,Branch,Fuel
146,559,"2018-04-14 00:00:00",Transfer,48548.15,1124112.72,"Mobile App",Fuel
147,399,"2024-06-08 00:00:00",Transfer,312237.39,1160496.96,"Internet Banking",Dividend
148,478,"2023-11-05 00:00:00",Transfer,161013.41,40943.02,"Mobile App","ATM withdrawal"
149,455,"2022-12-15 00:00:00",Withdraw,311692.66,2497861.98,ATM,Dividend
150,159,"2019-04-22 00:00:00",Deposit,60747.44,607234.92,NULL,NULL
151,269,"2022-09-17 00:00:00",Transfer,312112.97,3368052.99,Branch,Fuel
152,483,"2021-01-06 00:00:00",Transfer,199685.63,2252267.31,Branch,"Salary credit"
153,33,"2023-05-28 00:00:00",Withdraw,250923.94,3488924.05,ATM,"Insurance premium"
154,30,"2021-11-08 00:00:00",Withdraw,191249.61,3699318.61,Branch,Medical
155,221,"2020-06-02 00:00:00",Deposit,246473.77,762950.04,Branch,Grocery
156,241,"2019-03-26 00:00:00",Withdraw,243848.86,1268362.58,"Internet Banking",NULL
157,145,"2018-07-04 00:00:00",Transfer,176694.26,944687.91,"Mobile App",NULL
158,497,"2020-12-27 00:00:00",Transfer,375412.79,2834857.85,Branch,"Online purchase"
159,298,"2023-04-21 00:00:00",Withdraw,268088.61,2111306.45,"Internet Banking",NULL
160,30,"2024-02-13 00:00:00",Withdraw,55553.79,1573835.42,Branch,"Bonus credit"
161,347,"2019-09-14 00:00:00",Withdraw,154504.86,3620795.63,ATM,NULL
162,201,"2019-04-14 00:00:00",Withdraw,242302.96,1755540.43,ATM,Grocery
163,410,"2019-10-31 00:00:00",Deposit,392723.83,2185913.21,"Mobile App",Medical
164,92,"2018-07-14 00:00:00",Deposit,249911.69,1740288.61,Branch,"Utility bill"
165,288,"2020-11-09 00:00:00",Transfer,307099.54,3841666.96,ATM,"Vendor payment"
166,352,"2022-02-05 00:00:00",Transfer,398160.96,3767570.86,"Mobile App",NULL
167,307,"2020-01-03 00:00:00",Withdraw,157824.02,1862019.47,NULL,Medical
168,494,"2020-09-18 00:00:00",Transfer,393762.49,1405538.48,"Mobile App",Medical
169,136,"2019-10-09 00:00:00",Withdraw,370247.96,3048201.60,"Mobile App",NULL
170,222,"2021-10-09 00:00:00",Withdraw,188348.35,727474.78,Branch,"Fund transfer"
171,438,"2022-08-29 00:00:00",Transfer,38974.30,2907067.46,NULL,Fuel
172,398,"2020-11-22 00:00:00",Withdraw,330357.17,115035.61,"Mobile App",NULL
173,263,"2019-01-02 00:00:00",Transfer,99506.91,2340976.39,"Internet Banking","Fund transfer"
174,389,"2018-07-19 00:00:00",Deposit,344113.11,3972999.17,ATM,"Rent payment"
175,134,"2018-09-12 00:00:00",Withdraw,76247.16,559269.36,"Mobile App",Medical
176,555,"2018-05-26 00:00:00",Deposit,116674.74,1219979.12,"Internet Banking","Fund transfer"
177,452,"2019-02-12 00:00:00",Withdraw,338025.54,3009856.94,ATM,"ATM withdrawal"
178,148,"2020-11-09 00:00:00",Deposit,82316.63,3352585.94,"Internet Banking","Utility bill"
179,122,"2024-01-26 00:00:00",Deposit,300891.36,2226541.75,"Mobile App",NULL
180,317,"2023-11-30 00:00:00",Deposit,267146.92,3881738.20,"Mobile App","Cash deposit"
181,368,"2022-07-08 00:00:00",Transfer,260209.41,3297036.90,"Mobile App",Medical
182,91,"2022-08-18 00:00:00",Deposit,16791.64,518142.18,"Mobile App","Cash deposit"
183,269,"2022-01-12 00:00:00",Deposit,315996.35,3835601.82,Branch,Fuel
184,481,"2020-06-13 00:00:00",Withdraw,115987.41,3769978.77,"Mobile App","Bonus credit"
185,181,"2022-03-29 00:00:00",Withdraw,210110.42,3716344.25,ATM,"Vendor payment"
186,570,"2024-03-15 00:00:00",Withdraw,110961.01,3758748.85,ATM,NULL
187,91,"2020-06-18 00:00:00",Withdraw,178838.68,769881.44,Branch,"Cash deposit"
188,462,"2020-09-12 00:00:00",Deposit,3340.90,153444.78,"Mobile App","Rent payment"
189,483,"2019-01-02 00:00:00",Withdraw,155254.70,3118574.21,Branch,NULL
190,408,"2020-01-07 00:00:00",Deposit,54759.59,430885.58,"Mobile App","Utility bill"
191,195,"2020-11-17 00:00:00",Withdraw,282321.99,3420060.63,Branch,"Utility bill"
192,484,"2020-11-02 00:00:00",Transfer,197149.58,101108.75,Branch,"Cash deposit"
193,412,"2021-07-08 00:00:00",Transfer,264341.72,3327682.94,Branch,Dividend
194,60,"2020-11-30 00:00:00",Withdraw,278380.07,1804760.98,"Mobile App",Grocery
195,309,"2021-07-24 00:00:00",Transfer,126566.49,1963097.41,"Internet Banking","Online purchase"
196,135,"2022-07-11 00:00:00",Transfer,295922.61,900221.81,"Mobile App","Salary credit"
197,315,"2019-01-10 00:00:00",Transfer,300371.09,2115497.55,"Internet Banking","Rent payment"
198,79,"2019-03-30 00:00:00",Transfer,235211.43,1864483.57,ATM,NULL
199,185,"2019-05-21 00:00:00",Deposit,349723.41,2703377.00,"Internet Banking",NULL
200,516,"2024-04-21 00:00:00",Transfer,371743.22,1994892.90,ATM,Dividend
201,353,"2021-07-12 00:00:00",Withdraw,138341.03,1154370.39,ATM,Medical
202,383,"2018-10-22 00:00:00",Withdraw,383214.97,1754663.81,ATM,Grocery
203,521,"2019-07-26 00:00:00",Transfer,177878.82,1456821.25,ATM,Grocery
204,368,"2019-01-23 00:00:00",Transfer,225259.56,735309.62,"Mobile App","ATM withdrawal"
205,39,"2019-01-06 00:00:00",Deposit,160893.29,2632556.57,Branch,"Rent payment"
206,206,"2018-07-16 00:00:00",Deposit,63890.33,1170117.10,ATM,NULL
207,111,"2023-04-07 00:00:00",Withdraw,224223.10,131409.75,"Internet Banking",NULL
208,98,"2018-11-05 00:00:00",Transfer,210869.95,1044057.77,Branch,Fuel
209,321,"2022-01-02 00:00:00",Transfer,189210.57,3662167.20,ATM,"Vendor payment"
210,289,"2021-08-11 00:00:00",Withdraw,308784.28,3227032.06,ATM,Fuel
211,98,"2021-11-26 00:00:00",Deposit,345251.90,464633.14,ATM,NULL
212,246,"2019-08-29 00:00:00",Transfer,48289.32,2121585.94,Branch,"School fees"
213,442,"2019-02-05 00:00:00",Withdraw,386626.57,2755593.17,"Mobile App","Insurance premium"
214,48,"2022-10-02 00:00:00",Withdraw,298460.70,617248.45,Branch,"Online purchase"
215,569,"2020-07-20 00:00:00",Transfer,352145.44,205.51,"Internet Banking","ATM withdrawal"
216,562,"2019-09-24 00:00:00",Transfer,147713.99,1866452.62,ATM,"Salary credit"
217,150,"2024-02-02 00:00:00",Deposit,374933.16,943976.09,Branch,"Salary credit"
218,127,"2022-06-07 00:00:00",Withdraw,163375.76,219590.19,Branch,"Vendor payment"
219,523,"2023-02-23 00:00:00",Withdraw,265269.68,183556.80,ATM,Dividend
220,219,"2023-01-17 00:00:00",Withdraw,379809.79,1371889.78,NULL,"Vendor payment"
221,335,"2024-05-08 00:00:00",Withdraw,32775.12,54603.96,ATM,"Rent payment"
222,464,"2019-04-07 00:00:00",Deposit,167241.42,2005945.75,"Internet Banking","Cash deposit"
223,449,"2024-01-21 00:00:00",Deposit,241567.27,2215959.19,Branch,"Utility bill"
224,430,"2023-01-22 00:00:00",Transfer,214623.05,1476952.94,Branch,"Fund transfer"
225,342,"2021-11-03 00:00:00",Transfer,8857.83,501024.94,"Internet Banking","Salary credit"
226,440,"2023-01-21 00:00:00",Withdraw,44821.91,1146986.19,NULL,NULL
227,110,"2022-04-29 00:00:00",Transfer,315270.74,543578.35,NULL,NULL
228,193,"2020-11-30 00:00:00",Deposit,173302.20,703824.78,ATM,NULL
229,446,"2021-10-06 00:00:00",Transfer,330203.13,2486601.72,NULL,NULL
230,13,"2019-09-26 00:00:00",Withdraw,129451.87,2872778.86,"Mobile App","Utility bill"
231,251,"2021-09-11 00:00:00",Deposit,52853.39,1068646.53,"Internet Banking","Insurance premium"
232,98,"2018-05-24 00:00:00",Transfer,317441.93,1951271.32,"Internet Banking","Online purchase"
233,540,"2023-02-21 00:00:00",Withdraw,101114.42,3080936.70,NULL,"School fees"
234,266,"2024-02-15 00:00:00",Deposit,53217.79,556898.17,ATM,"Bonus credit"
235,99,"2021-04-14 00:00:00",Transfer,227531.11,49223.51,"Mobile App",Dividend
236,515,"2023-02-18 00:00:00",Transfer,62811.69,3560218.66,Branch,"ATM withdrawal"
237,390,"2020-06-07 00:00:00",Transfer,212769.71,773697.15,ATM,Grocery
238,321,"2018-01-07 00:00:00",Withdraw,379802.02,1133905.60,Branch,NULL
239,286,"2019-10-19 00:00:00",Withdraw,149173.87,2105335.10,ATM,"Vendor payment"
240,396,"2021-12-31 00:00:00",Transfer,331480.63,1611703.39,NULL,"Fund transfer"
241,518,"2020-09-10 00:00:00",Transfer,380918.48,2603453.35,Branch,"Vendor payment"
242,320,"2023-06-26 00:00:00",Transfer,106557.34,2513059.89,"Mobile App","Bonus credit"
243,214,"2022-12-29 00:00:00",Transfer,327624.75,1573311.43,Branch,"Vendor payment"
244,26,"2022-04-30 00:00:00",Withdraw,249465.71,1006802.34,"Mobile App",NULL
245,476,"2024-05-28 00:00:00",Deposit,303989.74,3219774.31,NULL,"Insurance premium"
246,34,"2020-10-06 00:00:00",Deposit,221522.92,2606899.32,"Internet Banking",NULL
247,223,"2020-08-29 00:00:00",Transfer,77889.05,617000.00,Branch,"Online purchase"
248,394,"2019-08-16 00:00:00",Withdraw,277504.05,3238631.14,"Mobile App","Vendor payment"
249,456,"2023-03-15 00:00:00",Deposit,292588.67,951097.76,"Mobile App","Fund transfer"
250,55,"2022-03-05 00:00:00",Transfer,302472.86,3256163.84,Branch,"Online purchase"
251,478,"2019-03-18 00:00:00",Transfer,148835.13,3759344.45,ATM,"Cash deposit"
252,189,"2020-11-21 00:00:00",Deposit,189935.27,1114065.36,"Internet Banking","Fund transfer"
253,561,"2019-11-13 00:00:00",Withdraw,196652.12,1027055.90,Branch,"Vendor payment"
254,182,"2018-11-21 00:00:00",Transfer,280075.95,1558419.74,ATM,"Vendor payment"
255,484,"2019-10-01 00:00:00",Withdraw,15965.09,3201238.44,Branch,NULL
256,446,"2020-11-02 00:00:00",Deposit,263539.91,766165.90,ATM,Fuel
257,73,"2020-07-19 00:00:00",Withdraw,200591.58,3617710.90,ATM,"School fees"
258,53,"2018-01-20 00:00:00",Deposit,361223.35,3098137.39,"Internet Banking","Vendor payment"
259,374,"2020-01-23 00:00:00",Deposit,77514.16,476098.71,"Internet Banking","Online purchase"
260,165,"2019-11-22 00:00:00",Deposit,376646.84,3282344.98,"Internet Banking",NULL
261,239,"2023-07-25 00:00:00",Withdraw,87600.71,1594473.68,Branch,"Insurance premium"
262,99,"2023-04-03 00:00:00",Transfer,326935.13,2929713.14,ATM,"Bonus credit"
263,36,"2022-07-29 00:00:00",Transfer,189596.12,1768267.05,"Mobile App","Online purchase"
264,540,"2022-09-27 00:00:00",Deposit,152384.81,256649.23,"Internet Banking",Grocery
265,519,"2023-02-10 00:00:00",Withdraw,161058.58,816085.01,ATM,"Fund transfer"
266,462,"2023-06-23 00:00:00",Withdraw,200296.38,24730.77,Branch,"Bonus credit"
267,455,"2022-12-22 00:00:00",Transfer,159695.19,2752163.67,ATM,"School fees"
268,6,"2021-11-15 00:00:00",Transfer,341046.96,508206.14,NULL,Fuel
269,472,"2023-06-25 00:00:00",Withdraw,210401.38,3821041.09,Branch,"School fees"
270,322,"2020-08-11 00:00:00",Deposit,188737.24,1385710.20,NULL,"Vendor payment"
271,245,"2023-02-19 00:00:00",Transfer,57243.24,2420484.54,ATM,"Utility bill"
272,179,"2018-06-11 00:00:00",Deposit,178753.81,1439901.26,Branch,"Utility bill"
273,217,"2021-03-25 00:00:00",Deposit,94253.08,610758.68,"Mobile App","Utility bill"
274,411,"2022-01-11 00:00:00",Transfer,399349.77,3596612.01,"Mobile App",NULL
275,44,"2019-07-21 00:00:00",Withdraw,203909.20,697552.82,"Mobile App",Fuel
276,212,"2023-08-18 00:00:00",Withdraw,316039.30,2524904.43,Branch,"Online purchase"
277,576,"2021-06-16 00:00:00",Transfer,193220.25,2626466.96,"Internet Banking","Utility bill"
278,139,"2021-12-07 00:00:00",Transfer,386661.62,1375815.30,ATM,"Online purchase"
279,45,"2024-06-26 00:00:00",Withdraw,309258.26,810033.67,"Internet Banking","School fees"
280,259,"2018-08-11 00:00:00",Transfer,220407.34,1469138.73,"Mobile App","Online purchase"
281,591,"2021-03-26 00:00:00",Deposit,128962.56,2180415.56,"Mobile App","Vendor payment"
282,30,"2020-12-26 00:00:00",Withdraw,339432.35,3371722.55,"Mobile App",Fuel
283,169,"2023-11-29 00:00:00",Deposit,350138.89,2595200.45,ATM,"Insurance premium"
284,455,"2018-01-20 00:00:00",Transfer,166079.10,584759.51,"Internet Banking","Insurance premium"
285,467,"2024-02-21 00:00:00",Withdraw,317593.22,269346.99,ATM,"Vendor payment"
286,580,"2023-02-09 00:00:00",Withdraw,60853.62,1475112.84,Branch,Grocery
287,126,"2019-12-16 00:00:00",Withdraw,389863.93,3587883.29,"Internet Banking","Salary credit"
288,132,"2022-11-13 00:00:00",Withdraw,354528.57,2195666.30,"Mobile App","Utility bill"
289,43,"2022-02-16 00:00:00",Withdraw,231787.73,3743384.40,"Internet Banking",NULL
290,429,"2022-04-27 00:00:00",Transfer,99500.73,1285432.79,ATM,"Bonus credit"
291,461,"2018-01-01 00:00:00",Withdraw,13697.92,3136250.74,ATM,Grocery
292,572,"2023-12-13 00:00:00",Transfer,115439.84,1522678.45,"Mobile App","Online purchase"
293,478,"2022-02-06 00:00:00",Deposit,153280.05,3603994.49,"Internet Banking","Salary credit"
294,333,"2022-11-21 00:00:00",Transfer,304893.45,3641792.29,ATM,NULL
295,262,"2018-06-29 00:00:00",Transfer,232513.16,2851622.24,Branch,"ATM withdrawal"
296,288,"2023-01-26 00:00:00",Deposit,133194.59,411237.57,"Internet Banking",Dividend
297,155,"2020-11-26 00:00:00",Deposit,127564.21,1299616.80,ATM,NULL
298,301,"2021-05-08 00:00:00",Deposit,284992.24,2635497.24,"Mobile App",Dividend
299,518,"2021-05-14 00:00:00",Transfer,212603.38,2385512.55,"Mobile App",Fuel
300,461,"2018-08-06 00:00:00",Deposit,232712.77,2798559.86,ATM,"Cash deposit"
301,40,"2019-06-24 00:00:00",Deposit,382843.11,643565.14,"Internet Banking",Dividend
302,291,"2018-05-07 00:00:00",Withdraw,368414.00,2785239.06,ATM,"Online purchase"
303,519,"2024-01-25 00:00:00",Withdraw,242561.25,1156793.63,"Mobile App","Salary credit"
304,479,"2020-09-05 00:00:00",Deposit,17392.69,2054140.96,ATM,"Rent payment"
305,82,"2021-08-17 00:00:00",Withdraw,67369.75,2231694.05,Branch,"Utility bill"
306,202,"2023-08-07 00:00:00",Withdraw,339371.07,1932835.27,NULL,"Bonus credit"
307,553,"2023-03-04 00:00:00",Deposit,75398.16,1112507.76,ATM,"Insurance premium"
308,93,"2018-08-22 00:00:00",Transfer,377621.17,1420262.55,Branch,Grocery
309,204,"2018-06-12 00:00:00",Deposit,2692.52,2512645.32,Branch,"Insurance premium"
310,51,"2020-03-23 00:00:00",Deposit,169205.46,3367488.69,"Mobile App",Grocery
311,442,"2023-03-19 00:00:00",Transfer,175782.04,3118423.56,"Mobile App",Grocery
312,564,"2022-07-12 00:00:00",Transfer,81932.38,877628.95,Branch,Medical
313,254,"2021-06-27 00:00:00",Deposit,57002.33,1123974.13,"Internet Banking",NULL
314,486,"2018-12-17 00:00:00",Deposit,181686.65,2949821.83,Branch,Medical
315,19,"2020-05-31 00:00:00",Withdraw,175795.12,2516817.36,"Internet Banking",NULL
316,540,"2020-06-07 00:00:00",Withdraw,33822.46,2808973.43,NULL,"Bonus credit"
317,143,"2022-02-24 00:00:00",Withdraw,246543.86,1617396.09,"Mobile App","Cash deposit"
318,194,"2021-12-31 00:00:00",Deposit,260691.07,480318.00,"Mobile App",Medical
319,79,"2021-07-24 00:00:00",Transfer,133194.47,96214.61,"Internet Banking",NULL
320,354,"2022-07-11 00:00:00",Transfer,311916.17,1137607.92,Branch,"Cash deposit"
321,565,"2018-02-15 00:00:00",Withdraw,168248.91,1190893.76,Branch,Fuel
322,228,"2018-07-10 00:00:00",Deposit,203577.52,1984826.80,"Mobile App","Vendor payment"
323,273,"2022-08-04 00:00:00",Deposit,27437.93,3369562.09,NULL,"Bonus credit"
324,434,"2021-06-23 00:00:00",Transfer,105772.70,1569269.66,ATM,"ATM withdrawal"
325,374,"2019-05-21 00:00:00",Transfer,217739.91,3903092.65,"Internet Banking","Online purchase"
326,494,"2020-05-30 00:00:00",Deposit,213242.38,2225952.65,Branch,"Vendor payment"
327,30,"2018-11-06 00:00:00",Withdraw,14482.37,3908578.72,"Mobile App",Medical
328,356,"2020-07-12 00:00:00",Transfer,97263.47,925152.93,"Mobile App",Medical
329,414,"2021-02-04 00:00:00",Deposit,268716.72,3013662.75,"Mobile App",Grocery
330,500,"2019-11-07 00:00:00",Withdraw,38263.60,1133310.72,"Internet Banking",Fuel
331,172,"2019-08-08 00:00:00",Transfer,84166.71,1066553.21,"Internet Banking","ATM withdrawal"
332,340,"2022-11-06 00:00:00",Deposit,230507.27,1871692.08,"Mobile App","Rent payment"
333,15,"2022-09-11 00:00:00",Deposit,263897.99,1938496.31,NULL,"Cash deposit"
334,213,"2022-03-04 00:00:00",Transfer,228145.43,2782482.96,Branch,"Bonus credit"
335,379,"2022-02-06 00:00:00",Transfer,13122.08,965127.89,Branch,"Salary credit"
336,348,"2020-06-06 00:00:00",Withdraw,150864.50,3957816.92,Branch,Dividend
337,267,"2021-01-18 00:00:00",Deposit,177903.28,1168602.52,"Internet Banking",Medical
338,50,"2022-06-24 00:00:00",Deposit,18231.31,2119861.33,"Internet Banking","Utility bill"
339,178,"2018-11-25 00:00:00",Deposit,216499.33,241664.03,Branch,NULL
340,442,"2022-04-11 00:00:00",Transfer,282765.08,870350.08,ATM,Dividend
341,76,"2018-12-22 00:00:00",Transfer,242952.64,290349.82,"Mobile App",NULL
342,368,"2022-10-05 00:00:00",Withdraw,333923.79,1384680.34,ATM,"School fees"
343,132,"2019-03-10 00:00:00",Transfer,76575.56,287760.67,ATM,NULL
344,318,"2023-01-19 00:00:00",Transfer,216764.08,1924564.09,"Mobile App",Dividend
345,586,"2021-04-21 00:00:00",Transfer,214365.84,121108.04,ATM,"Utility bill"
346,163,"2023-02-21 00:00:00",Deposit,330750.63,3910536.71,Branch,Fuel
347,14,"2021-06-23 00:00:00",Withdraw,362945.75,1295476.98,ATM,NULL
348,501,"2018-01-25 00:00:00",Transfer,117119.36,3799391.58,"Mobile App","ATM withdrawal"
349,261,"2022-08-02 00:00:00",Withdraw,281346.24,3683066.10,"Mobile App","Rent payment"
350,288,"2018-03-26 00:00:00",Withdraw,331619.90,2295526.50,NULL,"Vendor payment"
351,446,"2023-07-27 00:00:00",Deposit,115665.14,761371.22,ATM,"Utility bill"
352,152,"2019-02-10 00:00:00",Withdraw,289049.83,1639474.98,Branch,"Rent payment"
353,109,"2019-06-30 00:00:00",Withdraw,341663.22,1211533.01,Branch,"Online purchase"
354,114,"2022-10-12 00:00:00",Withdraw,224448.21,3821252.72,"Internet Banking",NULL
355,149,"2019-07-19 00:00:00",Deposit,5250.83,3090775.57,Branch,"Rent payment"
356,145,"2024-05-16 00:00:00",Deposit,318686.35,3146464.32,Branch,NULL
357,439,"2023-07-11 00:00:00",Withdraw,6070.39,3589291.31,"Internet Banking","Fund transfer"
358,492,"2021-12-15 00:00:00",Transfer,326952.10,3229078.52,"Internet Banking",NULL
359,107,"2018-01-28 00:00:00",Transfer,314969.38,1505208.72,Branch,NULL
360,597,"2023-01-29 00:00:00",Withdraw,316945.64,2920279.07,Branch,Medical
361,305,"2021-08-25 00:00:00",Deposit,320317.48,3214478.36,"Mobile App","Fund transfer"
362,417,"2018-02-21 00:00:00",Withdraw,371201.75,2420509.48,"Mobile App","Bonus credit"
363,127,"2019-12-10 00:00:00",Transfer,190953.04,115506.51,ATM,"Online purchase"
364,53,"2023-09-24 00:00:00",Withdraw,390817.73,3302527.37,"Internet Banking",NULL
365,234,"2018-12-28 00:00:00",Withdraw,250906.42,2679131.15,"Mobile App","ATM withdrawal"
366,134,"2018-10-31 00:00:00",Deposit,101717.32,3302533.69,Branch,"Rent payment"
367,487,"2021-04-24 00:00:00",Deposit,283443.99,254077.94,Branch,"Bonus credit"
368,552,"2020-12-17 00:00:00",Transfer,232890.56,468912.01,ATM,NULL
369,402,"2019-07-08 00:00:00",Withdraw,309463.68,1348687.35,"Internet Banking","Cash deposit"
370,510,"2022-07-19 00:00:00",Deposit,298585.56,887856.74,NULL,Medical
371,432,"2021-05-23 00:00:00",Deposit,119768.07,158328.42,ATM,"ATM withdrawal"
372,194,"2019-08-25 00:00:00",Transfer,186395.51,441698.35,"Mobile App","Fund transfer"
373,356,"2024-03-30 00:00:00",Transfer,317201.56,342413.14,"Internet Banking","Salary credit"
374,87,"2021-05-18 00:00:00",Withdraw,4820.95,1727942.25,"Internet Banking","School fees"
375,201,"2019-10-13 00:00:00",Withdraw,27986.56,2185135.77,Branch,"ATM withdrawal"
376,438,"2018-02-01 00:00:00",Transfer,21446.27,2418884.38,ATM,Medical
377,142,"2022-12-14 00:00:00",Withdraw,351463.41,2208062.80,"Internet Banking",Medical
378,406,"2024-05-01 00:00:00",Withdraw,358170.89,2859044.48,"Mobile App","Utility bill"
379,176,"2022-12-30 00:00:00",Deposit,177158.74,3128956.30,"Mobile App","Rent payment"
380,10,"2021-12-11 00:00:00",Withdraw,157527.35,1788406.64,"Internet Banking","Insurance premium"
381,453,"2018-03-12 00:00:00",Withdraw,351048.67,3194904.99,"Mobile App",Medical
382,547,"2019-01-02 00:00:00",Withdraw,52715.63,2341760.81,"Internet Banking",Fuel
383,368,"2023-04-15 00:00:00",Transfer,317876.59,316363.22,Branch,"Salary credit"
384,573,"2022-05-19 00:00:00",Deposit,105089.46,3373234.90,Branch,"Rent payment"
385,229,"2024-01-27 00:00:00",Transfer,170439.09,1401388.38,Branch,"Vendor payment"
386,11,"2022-05-09 00:00:00",Withdraw,92795.77,1111176.55,NULL,"Insurance premium"
387,165,"2018-12-27 00:00:00",Withdraw,159985.90,737594.34,"Internet Banking",Dividend
388,165,"2020-05-21 00:00:00",Withdraw,302220.88,2224628.63,"Internet Banking","Fund transfer"
389,90,"2023-03-24 00:00:00",Withdraw,250770.53,1666660.14,"Mobile App",NULL
390,77,"2019-08-23 00:00:00",Deposit,269046.59,1970635.46,ATM,Dividend
391,512,"2021-06-01 00:00:00",Deposit,152325.29,2555178.31,"Mobile App",Dividend
392,538,"2023-07-05 00:00:00",Deposit,369142.78,638482.32,ATM,NULL
393,162,"2020-02-16 00:00:00",Transfer,209180.21,1477378.06,"Internet Banking",NULL
394,506,"2019-10-25 00:00:00",Withdraw,371402.80,2152802.93,Branch,"Bonus credit"
395,463,"2024-03-30 00:00:00",Deposit,72902.14,1074236.04,Branch,Dividend
396,369,"2023-03-29 00:00:00",Deposit,380917.19,2017070.84,ATM,"ATM withdrawal"
397,289,"2023-07-01 00:00:00",Withdraw,92903.38,2692992.44,ATM,Fuel
398,55,"2020-10-15 00:00:00",Transfer,268074.16,855568.33,ATM,"Bonus credit"
399,588,"2020-05-30 00:00:00",Withdraw,74539.66,3518869.09,Branch,"Salary credit"
400,450,"2018-04-26 00:00:00",Deposit,275498.28,673289.74,NULL,"Fund transfer"
401,400,"2020-09-11 00:00:00",Transfer,8518.99,2780334.11,ATM,"Bonus credit"
402,249,"2018-09-11 00:00:00",Transfer,119386.26,933100.21,"Mobile App",Grocery
403,5,"2023-11-23 00:00:00",Deposit,19108.30,1498879.10,ATM,"Online purchase"
404,450,"2018-10-28 00:00:00",Transfer,205633.74,2103879.48,"Internet Banking",Fuel
405,87,"2024-06-24 00:00:00",Deposit,74788.36,1804503.55,Branch,"Insurance premium"
406,272,"2018-07-02 00:00:00",Withdraw,280193.91,2855547.54,"Internet Banking","Insurance premium"
407,220,"2019-09-17 00:00:00",Deposit,151116.10,118343.31,"Mobile App","School fees"
408,270,"2023-05-21 00:00:00",Withdraw,86714.94,1461662.78,Branch,Grocery
409,82,"2019-07-19 00:00:00",Transfer,46155.82,1404832.54,Branch,"Insurance premium"
410,539,"2020-11-27 00:00:00",Withdraw,85005.72,3237495.66,Branch,"School fees"
411,579,"2020-01-15 00:00:00",Withdraw,343748.22,2455498.40,Branch,NULL
412,355,"2020-07-08 00:00:00",Transfer,89075.43,1585678.00,"Mobile App",Fuel
413,290,"2022-04-27 00:00:00",Withdraw,306401.24,3736040.71,ATM,"Cash deposit"
414,247,"2019-08-10 00:00:00",Withdraw,359144.09,2255966.07,Branch,"Salary credit"
415,103,"2018-06-17 00:00:00",Transfer,336459.98,374422.74,Branch,Medical
416,157,"2023-11-08 00:00:00",Withdraw,338683.62,3831779.92,ATM,"Salary credit"
417,17,"2023-09-23 00:00:00",Withdraw,57007.57,3417483.36,"Internet Banking",NULL
418,128,"2022-12-17 00:00:00",Transfer,351295.71,3293435.30,ATM,"School fees"
419,214,"2022-12-26 00:00:00",Transfer,158660.80,1301228.13,"Mobile App","Rent payment"
420,290,"2022-12-13 00:00:00",Deposit,365088.21,938289.40,ATM,"ATM withdrawal"
421,545,"2021-05-27 00:00:00",Deposit,272404.69,1688345.40,ATM,"Salary credit"
422,351,"2020-05-28 00:00:00",Withdraw,280746.77,2285253.74,"Internet Banking","Cash deposit"
423,139,"2018-04-09 00:00:00",Transfer,125054.40,960569.77,Branch,NULL
424,434,"2023-11-08 00:00:00",Deposit,291792.79,2281203.72,"Internet Banking",NULL
425,67,"2020-06-27 00:00:00",Withdraw,261278.83,1552444.38,"Mobile App","School fees"
426,243,"2020-11-24 00:00:00",Transfer,328992.16,2243719.42,"Internet Banking",NULL
427,364,"2021-06-04 00:00:00",Transfer,323166.67,3230994.86,"Mobile App","Fund transfer"
428,541,"2018-07-04 00:00:00",Deposit,323604.53,2680474.00,"Internet Banking","School fees"
429,507,"2019-01-15 00:00:00",Deposit,388413.11,1060541.03,"Internet Banking","Utility bill"
430,263,"2018-10-19 00:00:00",Deposit,135919.84,308899.76,ATM,"Vendor payment"
431,192,"2018-12-10 00:00:00",Withdraw,6385.73,2467946.19,ATM,"Fund transfer"
432,571,"2024-04-20 00:00:00",Transfer,253648.39,701189.98,"Mobile App","Utility bill"
433,252,"2023-07-18 00:00:00",Transfer,82615.64,696263.01,"Internet Banking","ATM withdrawal"
434,434,"2023-10-19 00:00:00",Transfer,195585.99,3118980.09,"Internet Banking",Dividend
435,176,"2022-01-22 00:00:00",Transfer,283069.32,3082517.76,ATM,Fuel
436,533,"2018-05-09 00:00:00",Withdraw,394728.09,875844.41,"Mobile App","Salary credit"
437,130,"2019-08-16 00:00:00",Deposit,374663.03,1385512.80,"Mobile App","Utility bill"
438,202,"2019-01-23 00:00:00",Transfer,161367.03,1952940.51,"Mobile App","Utility bill"
439,419,"2022-07-29 00:00:00",Transfer,339658.42,2774696.39,ATM,"Rent payment"
440,117,"2020-09-08 00:00:00",Transfer,137462.27,2818367.75,Branch,"Insurance premium"
441,329,"2024-01-29 00:00:00",Transfer,315262.14,176391.54,Branch,Grocery
442,159,"2020-02-24 00:00:00",Deposit,74062.75,3077788.39,ATM,"School fees"
443,508,"2019-01-07 00:00:00",Withdraw,228785.64,1029230.01,"Internet Banking","Utility bill"
444,71,"2023-11-01 00:00:00",Withdraw,187453.50,3717847.64,ATM,Dividend
445,77,"2020-09-02 00:00:00",Transfer,142478.90,3760858.84,ATM,Fuel
446,468,"2023-01-14 00:00:00",Withdraw,71701.32,3687461.62,Branch,Medical
447,368,"2018-03-10 00:00:00",Withdraw,233088.60,3035301.98,"Mobile App","Utility bill"
448,55,"2022-09-19 00:00:00",Withdraw,308194.23,1894236.64,ATM,"ATM withdrawal"
449,248,"2018-10-03 00:00:00",Deposit,39894.99,2981305.97,"Internet Banking",NULL
450,3,"2018-11-28 00:00:00",Deposit,88499.03,2228315.93,Branch,"Salary credit"
451,204,"2022-01-01 00:00:00",Deposit,29196.35,1466051.02,"Internet Banking","Vendor payment"
452,79,"2022-12-29 00:00:00",Transfer,58014.40,868213.28,"Internet Banking",Fuel
453,101,"2019-05-09 00:00:00",Withdraw,145087.88,531350.39,Branch,Dividend
454,282,"2023-01-09 00:00:00",Transfer,123569.78,1362865.66,ATM,"Insurance premium"
455,302,"2018-11-15 00:00:00",Deposit,98881.17,2753361.68,NULL,"Bonus credit"
456,204,"2018-04-29 00:00:00",Withdraw,87005.31,1935408.69,ATM,Fuel
457,487,"2022-10-22 00:00:00",Transfer,107354.41,1249691.09,"Internet Banking","Vendor payment"
458,495,"2018-06-28 00:00:00",Withdraw,76201.53,2017584.46,Branch,"Cash deposit"
459,563,"2023-09-27 00:00:00",Transfer,145376.73,361196.94,ATM,"Vendor payment"
460,442,"2019-08-12 00:00:00",Transfer,40597.19,668650.15,Branch,Grocery
461,240,"2021-05-26 00:00:00",Withdraw,161804.52,1343596.36,"Internet Banking","Rent payment"
462,206,"2023-11-22 00:00:00",Withdraw,231135.27,2482496.89,"Mobile App","Bonus credit"
463,442,"2020-09-15 00:00:00",Deposit,386399.97,1661406.17,Branch,NULL
464,120,"2024-03-09 00:00:00",Withdraw,238665.79,2783546.41,"Mobile App",Dividend
465,109,"2023-01-10 00:00:00",Deposit,118848.93,2925095.16,"Mobile App","Bonus credit"
466,312,"2018-01-01 00:00:00",Transfer,197619.28,3069323.60,"Mobile App",Fuel
467,32,"2022-10-11 00:00:00",Transfer,290888.81,2850434.07,"Internet Banking",Medical
468,11,"2023-07-28 00:00:00",Deposit,184553.43,1973891.24,"Internet Banking","ATM withdrawal"
469,503,"2018-05-30 00:00:00",Deposit,2850.14,1944180.10,Branch,Fuel
470,516,"2023-02-06 00:00:00",Withdraw,102547.44,3695113.41,"Mobile App",Fuel
471,345,"2023-07-16 00:00:00",Withdraw,245957.11,1750248.71,"Mobile App",Medical
472,196,"2021-05-05 00:00:00",Withdraw,38280.87,1296778.93,Branch,NULL
473,366,"2021-04-05 00:00:00",Deposit,23132.20,701702.07,"Mobile App","School fees"
474,355,"2022-06-07 00:00:00",Withdraw,23291.35,3322630.74,Branch,"Rent payment"
475,296,"2023-04-06 00:00:00",Withdraw,270308.55,2070174.75,NULL,NULL
476,326,"2018-01-11 00:00:00",Withdraw,210000.08,776401.72,"Mobile App","Fund transfer"
477,508,"2023-08-09 00:00:00",Transfer,16728.20,2741022.83,"Mobile App","Bonus credit"
478,174,"2021-12-02 00:00:00",Transfer,45742.80,1048069.79,ATM,"School fees"
479,507,"2019-04-07 00:00:00",Withdraw,188054.44,2340800.56,"Mobile App","ATM withdrawal"
480,238,"2019-11-29 00:00:00",Transfer,386062.30,3704800.39,ATM,Dividend
481,55,"2019-05-30 00:00:00",Deposit,295282.10,3974872.69,Branch,"Online purchase"
482,539,"2022-02-27 00:00:00",Deposit,329457.48,1525053.88,"Mobile App",NULL
483,570,"2024-04-07 00:00:00",Deposit,382183.48,3168630.46,ATM,NULL
484,536,"2024-04-29 00:00:00",Withdraw,122628.25,36924.93,"Internet Banking",Grocery
485,146,"2023-01-28 00:00:00",Deposit,171477.44,2907511.62,Branch,"ATM withdrawal"
486,588,"2018-06-25 00:00:00",Deposit,361511.13,2000126.78,Branch,NULL
487,330,"2020-07-25 00:00:00",Deposit,48116.58,679530.78,Branch,"Online purchase"
488,403,"2022-03-13 00:00:00",Withdraw,75799.22,226983.08,"Mobile App","Utility bill"
489,181,"2019-10-21 00:00:00",Deposit,387904.50,2162795.96,ATM,Dividend
490,192,"2023-04-11 00:00:00",Deposit,99939.55,2565707.86,ATM,NULL
491,351,"2022-04-06 00:00:00",Transfer,219517.11,2442630.53,Branch,Medical
492,239,"2018-07-29 00:00:00",Withdraw,287980.18,2528382.90,"Internet Banking","School fees"
493,443,"2021-04-20 00:00:00",Withdraw,52692.40,1131134.00,"Internet Banking",Grocery
494,395,"2022-04-10 00:00:00",Transfer,198767.21,2743642.62,NULL,Dividend
495,61,"2019-06-26 00:00:00",Deposit,169165.71,1673900.94,Branch,Medical
496,472,"2023-11-20 00:00:00",Transfer,331652.51,3087054.90,Branch,"Rent payment"
497,79,"2021-09-11 00:00:00",Deposit,274375.70,2446092.87,Branch,"Rent payment"
498,88,"2019-12-07 00:00:00",Transfer,268249.16,971337.38,Branch,"Cash deposit"
499,334,"2022-10-31 00:00:00",Transfer,102533.49,1420384.91,ATM,NULL
500,544,"2018-01-04 00:00:00",Transfer,234050.63,3510636.77,ATM,Medical
501,265,"2022-02-24 00:00:00",Deposit,267010.60,2799560.94,ATM,"Rent payment"
502,37,"2023-02-08 00:00:00",Transfer,288826.39,1042950.87,"Internet Banking","Utility bill"
503,566,"2024-01-21 00:00:00",Deposit,384715.26,2339773.42,"Mobile App","Bonus credit"
504,100,"2020-09-14 00:00:00",Deposit,53359.96,2402197.50,"Internet Banking","ATM withdrawal"
505,327,"2018-08-03 00:00:00",Withdraw,192336.56,3818882.26,"Mobile App",Fuel
506,226,"2020-09-07 00:00:00",Withdraw,380066.60,3065152.73,"Internet Banking","Utility bill"
507,79,"2018-12-12 00:00:00",Transfer,300651.29,1903159.84,"Internet Banking","Bonus credit"
508,44,"2023-07-31 00:00:00",Transfer,176463.88,2363634.05,"Internet Banking","Salary credit"
509,48,"2020-09-21 00:00:00",Withdraw,177772.89,981483.91,Branch,"Rent payment"
510,259,"2023-03-23 00:00:00",Withdraw,362716.71,767255.72,"Mobile App",NULL
511,272,"2020-09-02 00:00:00",Deposit,194374.26,369174.85,NULL,NULL
512,253,"2023-09-03 00:00:00",Withdraw,318743.94,3707882.73,ATM,NULL
513,60,"2022-05-24 00:00:00",Withdraw,385895.45,566450.69,"Mobile App","Online purchase"
514,346,"2018-05-01 00:00:00",Withdraw,331353.10,2917157.37,"Mobile App",Dividend
515,585,"2020-04-01 00:00:00",Withdraw,273827.71,2081747.53,ATM,"Insurance premium"
516,552,"2024-01-04 00:00:00",Transfer,240900.25,1244001.79,ATM,"Cash deposit"
517,515,"2022-09-08 00:00:00",Withdraw,276029.20,2465061.08,"Mobile App",Grocery
518,234,"2022-03-21 00:00:00",Deposit,100930.07,1673725.90,Branch,NULL
519,400,"2022-05-01 00:00:00",Transfer,127298.40,1176667.46,"Mobile App","Vendor payment"
520,118,"2021-04-16 00:00:00",Withdraw,347191.28,2368854.20,"Internet Banking","Utility bill"
521,107,"2018-09-17 00:00:00",Deposit,390301.64,1388897.09,"Mobile App",NULL
522,260,"2019-12-15 00:00:00",Transfer,203806.59,3789559.56,Branch,"Rent payment"
523,348,"2020-08-16 00:00:00",Deposit,143778.86,401683.80,ATM,"Vendor payment"
524,169,"2023-02-14 00:00:00",Withdraw,191347.83,300818.87,"Mobile App","Salary credit"
525,51,"2018-06-18 00:00:00",Transfer,237928.64,3611375.06,"Mobile App",Fuel
526,507,"2023-10-06 00:00:00",Transfer,125829.52,1929946.01,"Mobile App","Cash deposit"
527,122,"2023-04-18 00:00:00",Transfer,99013.15,2153807.70,ATM,NULL
528,318,"2022-09-15 00:00:00",Withdraw,247468.76,3940778.98,Branch,Grocery
529,23,"2023-10-24 00:00:00",Transfer,179777.79,1024278.27,ATM,"Cash deposit"
530,387,"2021-02-05 00:00:00",Transfer,157097.21,112673.65,"Mobile App",Fuel
531,175,"2023-01-14 00:00:00",Deposit,353328.50,3969889.78,"Internet Banking","Online purchase"
532,274,"2024-05-07 00:00:00",Transfer,100118.19,1486127.04,ATM,NULL
533,311,"2019-08-24 00:00:00",Withdraw,364774.79,1516044.28,"Internet Banking",Fuel
534,434,"2021-12-11 00:00:00",Transfer,319075.49,3372357.56,"Internet Banking","Vendor payment"
535,567,"2020-09-28 00:00:00",Deposit,23485.27,2271977.21,"Internet Banking",Dividend
536,11,"2024-01-23 00:00:00",Deposit,107255.12,3287792.92,"Internet Banking","Cash deposit"
537,144,"2018-07-05 00:00:00",Withdraw,64595.38,1019369.97,"Internet Banking",Medical
538,495,"2019-05-29 00:00:00",Transfer,69399.35,1131946.15,Branch,"Utility bill"
539,104,"2018-01-03 00:00:00",Withdraw,230871.28,3565485.57,Branch,"Cash deposit"
540,133,"2021-07-12 00:00:00",Transfer,258067.38,453777.41,Branch,"Fund transfer"
541,524,"2020-11-21 00:00:00",Transfer,177656.56,1620863.36,ATM,"Online purchase"
542,157,"2018-09-09 00:00:00",Deposit,315336.82,131468.51,"Internet Banking",NULL
543,244,"2022-07-14 00:00:00",Withdraw,120789.49,1916298.09,Branch,"Cash deposit"
544,595,"2021-08-16 00:00:00",Deposit,66719.95,1699115.57,ATM,"Rent payment"
545,332,"2020-09-24 00:00:00",Transfer,12919.79,511101.40,NULL,Dividend
546,347,"2020-05-31 00:00:00",Transfer,393825.73,678063.08,"Mobile App",Grocery
547,256,"2020-01-08 00:00:00",Transfer,88775.34,250340.59,ATM,Dividend
548,371,"2023-10-17 00:00:00",Withdraw,302317.45,3083132.45,"Internet Banking","School fees"
549,392,"2023-02-22 00:00:00",Transfer,106666.02,567540.53,"Mobile App",NULL
550,126,"2023-04-25 00:00:00",Transfer,67635.67,2534435.82,"Internet Banking",Medical
551,12,"2023-01-23 00:00:00",Withdraw,125774.54,1603580.32,"Mobile App",Dividend
552,564,"2022-01-06 00:00:00",Transfer,17563.47,3410235.13,"Internet Banking","Online purchase"
553,298,"2019-04-04 00:00:00",Withdraw,187629.04,775675.83,Branch,"Fund transfer"
554,17,"2024-03-14 00:00:00",Deposit,240363.54,2203156.11,Branch,"School fees"
555,47,"2018-06-21 00:00:00",Transfer,199258.56,1572126.20,ATM,"Fund transfer"
556,575,"2020-02-01 00:00:00",Deposit,364534.78,3327226.24,"Internet Banking","Cash deposit"
557,373,"2020-09-16 00:00:00",Transfer,275225.97,2732905.62,"Mobile App","Bonus credit"
558,282,"2021-10-20 00:00:00",Deposit,355243.20,2673808.09,"Internet Banking",Fuel
559,81,"2020-12-26 00:00:00",Withdraw,238950.75,3559885.68,Branch,"Bonus credit"
560,509,"2018-01-21 00:00:00",Deposit,188125.09,2051671.10,"Internet Banking",Dividend
561,52,"2018-01-18 00:00:00",Transfer,146210.78,1163230.45,"Internet Banking",Grocery
562,58,"2021-12-05 00:00:00",Withdraw,70116.76,3414337.80,Branch,NULL
563,252,"2023-02-19 00:00:00",Withdraw,67657.65,3501768.45,Branch,"Insurance premium"
564,447,"2019-11-25 00:00:00",Transfer,79369.41,3194323.25,"Mobile App","Fund transfer"
565,510,"2021-03-21 00:00:00",Withdraw,154908.69,3050499.82,Branch,Medical
566,578,"2023-01-04 00:00:00",Deposit,118332.80,2985941.25,ATM,"Fund transfer"
567,382,"2021-04-20 00:00:00",Deposit,274088.84,1093346.70,"Mobile App","ATM withdrawal"
568,196,"2020-12-08 00:00:00",Withdraw,41164.62,3267585.01,"Internet Banking","Salary credit"
569,333,"2023-11-16 00:00:00",Withdraw,190662.13,152425.53,"Mobile App",Fuel
570,299,"2018-03-07 00:00:00",Withdraw,383593.90,3762023.71,"Mobile App",Fuel
571,140,"2022-02-23 00:00:00",Withdraw,307059.77,1461592.18,"Mobile App",Fuel
572,383,"2018-08-30 00:00:00",Transfer,16028.94,3569747.41,ATM,Medical
573,218,"2019-04-09 00:00:00",Deposit,307521.11,3038892.14,ATM,"Insurance premium"
574,132,"2020-06-03 00:00:00",Deposit,125099.63,1258082.74,Branch,"Bonus credit"
575,174,"2020-07-28 00:00:00",Transfer,180794.83,1764963.33,"Mobile App",Grocery
576,590,"2020-02-04 00:00:00",Withdraw,209488.81,2992467.28,"Internet Banking","Rent payment"
577,230,"2021-05-24 00:00:00",Deposit,184401.08,2829046.84,"Mobile App","Salary credit"
578,160,"2019-11-08 00:00:00",Deposit,155578.49,3225684.78,Branch,"ATM withdrawal"
579,260,"2019-12-23 00:00:00",Withdraw,62938.51,1023707.46,ATM,"Fund transfer"
580,263,"2023-12-14 00:00:00",Transfer,232488.79,2719227.43,ATM,"ATM withdrawal"
581,548,"2018-12-16 00:00:00",Transfer,125247.40,1857175.00,"Internet Banking","Online purchase"
582,526,"2019-06-27 00:00:00",Deposit,127241.60,905346.60,Branch,Dividend
583,94,"2020-06-25 00:00:00",Transfer,9044.59,2388420.71,"Mobile App","ATM withdrawal"
584,349,"2022-01-14 00:00:00",Withdraw,166615.87,2068596.73,"Internet Banking","Online purchase"
585,448,"2020-02-08 00:00:00",Withdraw,393010.37,1071671.11,Branch,NULL
586,349,"2018-06-05 00:00:00",Deposit,268011.40,3031064.42,Branch,"Rent payment"
587,322,"2022-12-01 00:00:00",Transfer,220390.07,880086.82,NULL,"Insurance premium"
588,201,"2021-08-20 00:00:00",Deposit,163733.44,3733800.34,"Internet Banking","Utility bill"
589,333,"2023-02-16 00:00:00",Withdraw,158872.51,1626795.44,ATM,"School fees"
590,272,"2021-05-25 00:00:00",Transfer,13173.38,1761087.20,Branch,"Rent payment"
591,554,"2018-03-12 00:00:00",Withdraw,148146.86,2886202.64,"Internet Banking","Bonus credit"
592,500,"2019-11-07 00:00:00",Deposit,111569.10,3885268.16,ATM,Fuel
593,224,"2020-10-24 00:00:00",Transfer,385033.76,3276427.97,Branch,"Fund transfer"
594,327,"2020-09-03 00:00:00",Withdraw,74926.17,66632.52,"Mobile App","Fund transfer"
595,550,"2018-12-06 00:00:00",Withdraw,198428.38,2901040.20,"Internet Banking",Medical
596,598,"2020-08-04 00:00:00",Transfer,345586.13,77594.79,"Mobile App","Vendor payment"
597,85,"2022-01-25 00:00:00",Withdraw,52597.36,700038.58,ATM,"Vendor payment"
598,371,"2019-10-15 00:00:00",Withdraw,284432.31,2903463.39,"Internet Banking","Cash deposit"
599,178,"2018-12-30 00:00:00",Transfer,37567.67,764943.86,"Mobile App",NULL
600,431,"2019-06-19 00:00:00",Withdraw,82145.18,3018572.95,ATM,NULL
601,1,"2019-01-19 00:00:00",Withdraw,175679.91,3624721.15,"Mobile App",Dividend
602,14,"2018-12-25 00:00:00",Transfer,64265.92,1838307.87,Branch,"Salary credit"
603,79,"2023-07-12 00:00:00",Deposit,336826.33,3916455.92,"Internet Banking","Online purchase"
604,69,"2024-05-04 00:00:00",Deposit,31032.85,341767.37,ATM,"Salary credit"
605,248,"2024-05-17 00:00:00",Transfer,53848.64,2501516.87,ATM,"Rent payment"
606,56,"2021-05-29 00:00:00",Deposit,144563.50,3611665.57,ATM,"Cash deposit"
607,342,"2023-05-28 00:00:00",Withdraw,49176.33,1944278.37,ATM,NULL
608,86,"2020-02-12 00:00:00",Transfer,202382.12,1961790.78,ATM,"Cash deposit"
609,18,"2021-03-27 00:00:00",Withdraw,392101.28,2326201.33,"Mobile App",Fuel
610,591,"2023-09-22 00:00:00",Transfer,313178.01,1200891.83,ATM,"Fund transfer"
611,244,"2019-07-24 00:00:00",Withdraw,229636.75,1605801.39,"Internet Banking","ATM withdrawal"
612,274,"2023-07-23 00:00:00",Withdraw,82828.58,2587385.16,"Mobile App","Insurance premium"
613,411,"2022-09-14 00:00:00",Deposit,240200.01,417855.45,ATM,"Fund transfer"
614,496,"2021-04-09 00:00:00",Withdraw,9818.00,1128557.20,"Mobile App","School fees"
615,115,"2019-05-08 00:00:00",Withdraw,317723.60,1800577.31,"Mobile App",Fuel
616,219,"2018-10-05 00:00:00",Deposit,327359.00,1432825.41,"Mobile App","Rent payment"
617,35,"2021-02-17 00:00:00",Deposit,178655.37,1723034.41,ATM,"Insurance premium"
618,310,"2018-05-08 00:00:00",Deposit,82914.21,1995885.15,"Internet Banking","Vendor payment"
619,394,"2024-05-29 00:00:00",Deposit,310691.54,2292381.97,ATM,"Vendor payment"
620,293,"2019-06-26 00:00:00",Transfer,352534.98,1939741.88,"Mobile App",NULL
621,3,"2019-12-29 00:00:00",Deposit,341963.20,2285945.17,"Mobile App","Vendor payment"
622,541,"2022-12-30 00:00:00",Deposit,27897.61,974313.72,"Mobile App","Cash deposit"
623,7,"2023-04-01 00:00:00",Transfer,363043.17,1609355.57,ATM,"Bonus credit"
624,284,"2021-05-10 00:00:00",Transfer,124052.18,537642.71,"Mobile App","Utility bill"
625,5,"2021-03-28 00:00:00",Deposit,145554.52,510397.79,NULL,"Vendor payment"
626,8,"2022-01-11 00:00:00",Deposit,218317.73,1555319.38,Branch,"ATM withdrawal"
627,343,"2019-05-27 00:00:00",Deposit,304380.41,3822093.38,"Internet Banking","ATM withdrawal"
628,234,"2018-09-22 00:00:00",Withdraw,140341.39,2844252.45,"Internet Banking","Bonus credit"
629,449,"2023-05-05 00:00:00",Transfer,218227.86,3150448.33,"Mobile App","Online purchase"
630,223,"2023-01-31 00:00:00",Deposit,219556.67,1080835.82,"Mobile App","Rent payment"
631,41,"2020-01-20 00:00:00",Withdraw,184483.90,3622723.79,Branch,"Cash deposit"
632,158,"2022-05-31 00:00:00",Withdraw,46182.68,426169.77,"Internet Banking",Fuel
633,432,"2022-06-05 00:00:00",Deposit,329933.40,1098343.86,Branch,Fuel
634,8,"2024-04-18 00:00:00",Deposit,85884.38,1020294.94,Branch,"Utility bill"
635,329,"2019-04-09 00:00:00",Deposit,371390.76,1339716.50,"Mobile App","Rent payment"
636,290,"2018-08-09 00:00:00",Deposit,113144.04,2288697.75,"Internet Banking","Vendor payment"
637,573,"2020-01-26 00:00:00",Transfer,74701.51,3367815.44,"Mobile App",NULL
638,360,"2021-05-02 00:00:00",Withdraw,92469.35,2757933.55,Branch,"Online purchase"
639,349,"2020-08-16 00:00:00",Withdraw,178586.17,1969371.73,"Mobile App","School fees"
640,528,"2022-10-31 00:00:00",Transfer,364251.29,2464481.44,"Internet Banking",Dividend
641,520,"2019-07-15 00:00:00",Deposit,65093.95,254116.01,"Internet Banking","Fund transfer"
642,254,"2021-04-01 00:00:00",Withdraw,49214.59,466772.62,"Mobile App","Vendor payment"
643,355,"2023-06-15 00:00:00",Transfer,42637.26,3232760.55,"Mobile App","Rent payment"
644,365,"2019-10-24 00:00:00",Deposit,22838.44,1087591.02,"Internet Banking","Utility bill"
645,92,"2021-02-14 00:00:00",Deposit,43623.65,591865.89,ATM,Grocery
646,501,"2022-07-12 00:00:00",Deposit,80130.68,3809342.70,Branch,"Rent payment"
647,312,"2024-02-26 00:00:00",Deposit,11582.02,2938732.83,"Mobile App",Grocery
648,208,"2019-11-13 00:00:00",Transfer,102934.89,2606811.42,"Mobile App","Cash deposit"
649,238,"2018-04-30 00:00:00",Withdraw,294121.69,2697866.53,"Internet Banking","Online purchase"
650,231,"2019-03-01 00:00:00",Transfer,77104.39,1037189.37,ATM,NULL
651,600,"2023-04-10 00:00:00",Deposit,134001.68,1096944.56,"Mobile App","Online purchase"
652,472,"2020-06-20 00:00:00",Withdraw,307863.57,2480785.59,"Mobile App","Bonus credit"
653,156,"2019-05-06 00:00:00",Withdraw,187547.52,1592378.01,"Internet Banking",NULL
654,43,"2018-01-24 00:00:00",Transfer,3547.17,1652085.76,"Internet Banking","Rent payment"
655,437,"2023-03-06 00:00:00",Transfer,253334.18,833671.73,"Mobile App",Grocery
656,106,"2022-08-28 00:00:00",Withdraw,88525.02,3147696.73,"Mobile App","Fund transfer"
657,12,"2020-09-07 00:00:00",Withdraw,289665.13,3211833.68,Branch,Medical
658,422,"2020-08-27 00:00:00",Withdraw,65787.37,451876.94,Branch,"Cash deposit"
659,140,"2019-05-23 00:00:00",Deposit,267702.91,812413.53,Branch,"Insurance premium"
660,276,"2022-07-19 00:00:00",Withdraw,83791.95,2803128.52,ATM,Medical
661,369,"2022-09-09 00:00:00",Transfer,238303.98,2820926.46,"Mobile App",NULL
662,513,"2024-02-29 00:00:00",Withdraw,131291.95,770255.05,Branch,"ATM withdrawal"
663,42,"2021-08-04 00:00:00",Deposit,95735.64,514897.96,Branch,"Bonus credit"
664,93,"2021-01-28 00:00:00",Transfer,184784.43,2512610.90,Branch,NULL
665,433,"2020-04-19 00:00:00",Transfer,283442.07,3578111.63,"Internet Banking","ATM withdrawal"
666,403,"2021-06-01 00:00:00",Deposit,205521.31,2896431.01,ATM,"Insurance premium"
667,327,"2023-03-14 00:00:00",Withdraw,172079.50,2445097.09,Branch,"ATM withdrawal"
668,420,"2018-12-20 00:00:00",Withdraw,192238.44,2859441.79,"Internet Banking",NULL
669,43,"2021-11-04 00:00:00",Deposit,324432.27,3586496.10,ATM,"ATM withdrawal"
670,281,"2021-02-23 00:00:00",Deposit,362227.33,507774.18,ATM,"Insurance premium"
671,438,"2019-04-13 00:00:00",Transfer,312665.58,2187475.74,ATM,NULL
672,352,"2022-06-01 00:00:00",Transfer,204178.75,1456472.90,"Internet Banking","Salary credit"
673,402,"2019-06-04 00:00:00",Transfer,395923.95,3437590.84,"Internet Banking",NULL
674,127,"2019-03-27 00:00:00",Withdraw,147964.24,682318.98,Branch,"Bonus credit"
675,305,"2024-05-17 00:00:00",Deposit,25546.06,1912874.15,NULL,"Bonus credit"
676,130,"2020-07-03 00:00:00",Transfer,316316.15,3005957.74,ATM,"Rent payment"
677,590,"2022-10-13 00:00:00",Withdraw,137231.31,2842584.41,Branch,Grocery
678,313,"2018-03-13 00:00:00",Deposit,253414.67,920205.89,"Internet Banking","Insurance premium"
679,466,"2022-07-19 00:00:00",Transfer,399085.05,1569302.54,Branch,"School fees"
680,227,"2019-07-15 00:00:00",Withdraw,254921.86,2090828.50,"Mobile App",NULL
681,414,"2019-01-23 00:00:00",Transfer,185095.12,3026567.75,"Internet Banking",Dividend
682,254,"2019-09-01 00:00:00",Withdraw,278889.28,121752.27,"Internet Banking",Fuel
683,416,"2022-05-18 00:00:00",Deposit,368938.03,1141212.39,"Internet Banking","Fund transfer"
684,101,"2022-02-21 00:00:00",Deposit,379153.44,648231.62,"Mobile App","Fund transfer"
685,369,"2021-07-05 00:00:00",Deposit,304600.11,3224729.12,ATM,"Bonus credit"
686,2,"2020-01-26 00:00:00",Transfer,6545.54,3081188.32,ATM,"Utility bill"
687,488,"2018-06-25 00:00:00",Withdraw,212231.21,1931512.06,NULL,"Rent payment"
688,17,"2018-07-27 00:00:00",Transfer,189608.50,3795500.37,"Internet Banking","Online purchase"
689,340,"2019-02-19 00:00:00",Withdraw,328362.93,609759.31,ATM,"Rent payment"
690,530,"2018-06-27 00:00:00",Transfer,232097.19,1159449.34,ATM,"Insurance premium"
691,484,"2024-03-27 00:00:00",Transfer,310574.08,2552365.41,"Mobile App","School fees"
692,174,"2021-05-04 00:00:00",Deposit,329236.61,2135357.72,"Mobile App","Insurance premium"
693,204,"2023-03-04 00:00:00",Deposit,248190.12,2540781.33,Branch,"School fees"
694,553,"2023-01-09 00:00:00",Withdraw,86599.89,447549.45,"Mobile App","Insurance premium"
695,202,"2018-01-19 00:00:00",Transfer,165068.66,3038498.93,"Mobile App",Dividend
696,281,"2022-07-06 00:00:00",Deposit,310693.61,2234396.91,"Mobile App","Rent payment"
697,354,"2021-07-01 00:00:00",Deposit,121844.48,2480588.44,ATM,Grocery
698,2,"2019-08-25 00:00:00",Transfer,136201.57,846749.22,"Internet Banking","Salary credit"
699,548,"2020-08-28 00:00:00",Deposit,51702.01,1627759.28,Branch,"ATM withdrawal"
700,84,"2023-12-14 00:00:00",Deposit,92660.42,826645.11,ATM,NULL
701,451,"2018-06-19 00:00:00",Withdraw,386672.27,60068.40,"Mobile App",Fuel
702,427,"2024-05-17 00:00:00",Transfer,356016.16,3949170.14,"Mobile App","Online purchase"
703,295,"2022-05-21 00:00:00",Deposit,337646.88,2562268.41,ATM,"Cash deposit"
704,139,"2022-12-20 00:00:00",Withdraw,265727.88,2743250.50,ATM,"Salary credit"
705,229,"2023-05-14 00:00:00",Transfer,353349.61,3162244.17,Branch,"ATM withdrawal"
706,283,"2021-10-04 00:00:00",Transfer,42928.47,923528.56,ATM,"ATM withdrawal"
707,219,"2018-11-08 00:00:00",Withdraw,2670.37,2379708.11,Branch,"Cash deposit"
708,326,"2022-10-05 00:00:00",Transfer,311698.97,3424262.16,ATM,"Insurance premium"
709,421,"2022-06-18 00:00:00",Deposit,155723.65,3049083.00,"Internet Banking","School fees"
710,336,"2023-04-17 00:00:00",Withdraw,167536.03,252199.65,ATM,"Online purchase"
711,571,"2021-05-04 00:00:00",Transfer,397458.63,2750256.48,"Mobile App","Salary credit"
712,495,"2024-02-25 00:00:00",Deposit,54633.90,456256.49,Branch,"Rent payment"
713,348,"2023-08-19 00:00:00",Withdraw,280559.42,3349184.94,"Mobile App","School fees"
714,318,"2019-11-23 00:00:00",Deposit,42210.93,776333.07,"Mobile App",Grocery
715,259,"2022-05-13 00:00:00",Transfer,34146.29,1957947.17,"Internet Banking",Fuel
716,229,"2019-11-10 00:00:00",Deposit,228399.60,2219309.21,ATM,"School fees"
717,195,"2021-05-27 00:00:00",Transfer,332768.97,470863.29,Branch,"School fees"
718,339,"2018-07-04 00:00:00",Withdraw,69318.87,152602.83,"Mobile App","Salary credit"
719,18,"2022-09-23 00:00:00",Withdraw,4099.10,1373591.36,"Mobile App","Utility bill"
720,4,"2022-10-15 00:00:00",Transfer,395100.16,1546866.59,NULL,"Utility bill"
721,408,"2018-11-18 00:00:00",Transfer,5205.60,3475971.71,"Internet Banking",Medical
722,202,"2022-04-25 00:00:00",Withdraw,256159.71,1642059.64,ATM,NULL
723,440,"2022-06-17 00:00:00",Withdraw,25213.94,995482.53,Branch,"School fees"
724,142,"2018-05-29 00:00:00",Transfer,227539.29,2994016.60,"Internet Banking","Fund transfer"
725,582,"2023-06-12 00:00:00",Deposit,278009.07,1011129.43,"Mobile App","Rent payment"
726,36,"2018-10-23 00:00:00",Deposit,293796.48,165415.22,"Mobile App","Utility bill"
727,402,"2023-05-09 00:00:00",Deposit,231970.88,2494134.46,"Internet Banking","Fund transfer"
728,561,"2018-06-23 00:00:00",Transfer,5965.82,2810629.62,ATM,"Salary credit"
729,461,"2023-07-22 00:00:00",Withdraw,361987.20,682826.84,"Mobile App","Cash deposit"
730,284,"2023-12-25 00:00:00",Deposit,330263.60,91849.09,"Mobile App","Online purchase"
731,288,"2020-03-27 00:00:00",Withdraw,26825.24,405756.12,ATM,"Online purchase"
732,271,"2022-09-14 00:00:00",Withdraw,152751.75,1686955.36,NULL,"Bonus credit"
733,319,"2022-08-13 00:00:00",Withdraw,84397.78,2630173.71,ATM,Medical
734,350,"2018-08-22 00:00:00",Deposit,48647.32,969783.61,"Mobile App",NULL
735,320,"2020-06-10 00:00:00",Withdraw,391541.32,3289496.52,"Mobile App",NULL
736,503,"2021-05-30 00:00:00",Withdraw,308087.42,963585.97,Branch,"Fund transfer"
737,212,"2018-06-11 00:00:00",Transfer,140576.82,1937257.55,ATM,"Fund transfer"
738,479,"2020-01-04 00:00:00",Transfer,325544.54,3464372.51,"Mobile App","Utility bill"
739,181,"2019-10-22 00:00:00",Withdraw,311307.02,1001147.43,"Internet Banking","ATM withdrawal"
740,543,"2021-08-29 00:00:00",Deposit,71201.27,2566378.91,"Internet Banking",Medical
741,188,"2024-02-15 00:00:00",Deposit,331931.94,2187061.98,ATM,"Online purchase"
742,161,"2022-12-29 00:00:00",Withdraw,225771.22,85088.17,Branch,"Salary credit"
743,75,"2021-05-04 00:00:00",Deposit,231488.45,1381131.79,Branch,"Salary credit"
744,486,"2020-10-14 00:00:00",Withdraw,340266.67,2064275.77,ATM,NULL
745,29,"2021-02-23 00:00:00",Withdraw,222766.63,3903086.97,Branch,"Rent payment"
746,85,"2018-09-18 00:00:00",Transfer,304958.23,2175606.82,"Mobile App","School fees"
747,410,"2021-04-04 00:00:00",Withdraw,382437.18,2747051.66,"Mobile App","School fees"
748,60,"2021-06-17 00:00:00",Transfer,163988.87,389973.44,Branch,Grocery
749,371,"2022-04-20 00:00:00",Deposit,378394.28,2514565.35,NULL,NULL
750,319,"2021-12-16 00:00:00",Transfer,240904.71,1925344.25,ATM,NULL
751,118,"2020-05-05 00:00:00",Deposit,172112.93,697005.06,"Internet Banking","Cash deposit"
752,129,"2023-03-31 00:00:00",Deposit,117879.96,1322362.04,ATM,"ATM withdrawal"
753,216,"2022-03-01 00:00:00",Transfer,62456.19,99012.83,ATM,NULL
754,156,"2023-01-19 00:00:00",Deposit,68736.12,1372075.60,NULL,Dividend
755,307,"2024-04-03 00:00:00",Transfer,310109.37,2653695.89,"Internet Banking",Medical
756,255,"2019-06-22 00:00:00",Withdraw,230621.07,4133.94,Branch,Fuel
757,121,"2020-11-30 00:00:00",Withdraw,327556.50,1786307.18,"Mobile App","Insurance premium"
758,504,"2022-11-02 00:00:00",Transfer,259012.62,2630081.04,Branch,Medical
759,507,"2022-01-28 00:00:00",Transfer,176054.13,635230.20,ATM,Grocery
760,478,"2024-04-03 00:00:00",Deposit,199291.38,1448602.06,NULL,"School fees"
761,575,"2018-03-23 00:00:00",Transfer,143756.75,1363673.14,ATM,Medical
762,52,"2022-06-07 00:00:00",Deposit,279042.81,2429607.17,Branch,"ATM withdrawal"
763,341,"2022-04-16 00:00:00",Withdraw,119348.41,947150.04,ATM,"Cash deposit"
764,86,"2018-06-08 00:00:00",Deposit,294805.48,826688.24,"Mobile App",Grocery
765,424,"2023-11-18 00:00:00",Transfer,365056.56,3361109.96,ATM,"Bonus credit"
766,284,"2022-12-26 00:00:00",Deposit,357167.56,1104651.83,"Mobile App","ATM withdrawal"
767,316,"2022-06-26 00:00:00",Transfer,33050.74,3630900.16,ATM,Fuel
768,470,"2022-01-01 00:00:00",Deposit,131710.84,3876457.97,"Mobile App","Utility bill"
769,585,"2018-07-04 00:00:00",Transfer,14789.49,1589497.76,"Internet Banking","School fees"
770,288,"2022-02-07 00:00:00",Withdraw,319337.70,3085080.95,ATM,Medical
771,333,"2018-05-20 00:00:00",Withdraw,278897.94,3056702.73,ATM,"Online purchase"
772,397,"2019-12-16 00:00:00",Withdraw,365141.04,2031090.16,Branch,"Bonus credit"
773,177,"2020-01-11 00:00:00",Withdraw,250058.09,938399.85,ATM,"Cash deposit"
774,418,"2023-09-04 00:00:00",Withdraw,192721.82,2884585.59,"Internet Banking","Vendor payment"
775,132,"2019-08-08 00:00:00",Deposit,185130.76,215696.63,Branch,"ATM withdrawal"
776,501,"2022-11-30 00:00:00",Transfer,372369.27,3612581.33,"Mobile App",NULL
777,221,"2019-09-27 00:00:00",Withdraw,289962.06,3359642.49,"Internet Banking",Fuel
778,117,"2019-06-07 00:00:00",Withdraw,180693.62,907700.04,Branch,"Salary credit"
779,430,"2018-04-19 00:00:00",Transfer,260687.52,2869439.15,"Internet Banking","Bonus credit"
780,531,"2019-01-03 00:00:00",Withdraw,362717.95,3991008.05,"Internet Banking",Dividend
781,296,"2021-10-01 00:00:00",Deposit,338072.05,2378275.85,"Mobile App","School fees"
782,583,"2022-12-27 00:00:00",Transfer,80393.98,2987825.25,"Mobile App","Fund transfer"
783,272,"2018-05-16 00:00:00",Transfer,128486.83,1678398.96,"Internet Banking",Grocery
784,521,"2019-07-27 00:00:00",Deposit,213150.73,3766005.44,Branch,NULL
785,572,"2023-01-29 00:00:00",Deposit,218530.40,1568223.25,"Internet Banking","Salary credit"
786,149,"2021-11-09 00:00:00",Withdraw,297261.73,2567269.01,"Internet Banking",Dividend
787,124,"2024-01-30 00:00:00",Withdraw,28241.22,2355184.92,ATM,NULL
788,452,"2021-10-28 00:00:00",Deposit,315729.25,962837.43,ATM,Grocery
789,90,"2020-03-29 00:00:00",Transfer,159609.02,894716.14,"Mobile App","Vendor payment"
790,97,"2018-04-06 00:00:00",Withdraw,52099.10,597431.23,ATM,Grocery
791,414,"2024-06-09 00:00:00",Deposit,41527.79,1729317.69,"Mobile App","Vendor payment"
792,492,"2023-08-15 00:00:00",Transfer,39440.85,898743.18,"Internet Banking","School fees"
793,165,"2020-09-29 00:00:00",Withdraw,285095.75,936196.70,ATM,"School fees"
794,386,"2019-05-22 00:00:00",Withdraw,165631.24,1846058.40,Branch,"Vendor payment"
795,333,"2021-08-23 00:00:00",Deposit,325728.46,2965074.64,"Mobile App","Utility bill"
796,487,"2022-04-15 00:00:00",Transfer,85069.55,1910738.61,Branch,"Online purchase"
797,454,"2022-12-01 00:00:00",Transfer,134289.93,3629637.97,NULL,NULL
798,91,"2024-02-15 00:00:00",Withdraw,229395.24,769304.67,Branch,"Insurance premium"
799,279,"2022-08-14 00:00:00",Transfer,23151.95,2505504.51,"Mobile App","Salary credit"
800,410,"2020-04-27 00:00:00",Withdraw,172722.00,789755.50,ATM,Grocery
801,6,"2021-11-18 00:00:00",Deposit,317307.24,1973862.07,ATM,"Rent payment"
802,233,"2018-03-20 00:00:00",Transfer,222836.93,1578458.24,NULL,"Online purchase"
803,303,"2023-04-06 00:00:00",Transfer,36218.06,1176049.48,Branch,NULL
804,64,"2021-11-06 00:00:00",Transfer,71665.54,3173311.61,"Internet Banking",NULL
805,217,"2019-12-09 00:00:00",Withdraw,153022.28,3228577.77,Branch,NULL
806,8,"2020-12-08 00:00:00",Deposit,177478.44,3421106.55,ATM,"Cash deposit"
807,523,"2019-01-17 00:00:00",Deposit,165382.10,1370855.04,"Internet Banking","Vendor payment"
808,168,"2018-11-07 00:00:00",Transfer,200897.49,1379703.28,ATM,"Bonus credit"
809,114,"2020-03-18 00:00:00",Transfer,115031.24,3512172.23,"Internet Banking",Medical
810,580,"2021-01-19 00:00:00",Deposit,194334.47,800611.50,Branch,"School fees"
811,381,"2018-03-13 00:00:00",Transfer,209353.72,1068343.40,"Internet Banking","Rent payment"
812,205,"2023-08-19 00:00:00",Transfer,196397.41,144005.07,Branch,Fuel
813,230,"2023-01-09 00:00:00",Transfer,242749.12,783619.17,Branch,Grocery
814,3,"2023-07-19 00:00:00",Deposit,57136.78,3811096.95,ATM,Medical
815,170,"2019-05-14 00:00:00",Deposit,240379.65,738699.30,"Mobile App","Insurance premium"
816,304,"2021-01-11 00:00:00",Transfer,239486.05,2015955.44,Branch,"Rent payment"
817,232,"2018-06-24 00:00:00",Deposit,266758.55,2613263.35,NULL,"Bonus credit"
818,383,"2023-09-15 00:00:00",Deposit,129629.79,1204955.84,"Mobile App","Insurance premium"
819,450,"2018-05-24 00:00:00",Deposit,327886.40,3327864.07,"Internet Banking",NULL
820,115,"2018-02-05 00:00:00",Transfer,118013.81,3702694.18,Branch,"Utility bill"
821,354,"2024-03-19 00:00:00",Transfer,302630.91,2171248.02,"Internet Banking","Online purchase"
822,108,"2018-06-18 00:00:00",Deposit,125689.45,41792.72,ATM,"Utility bill"
823,145,"2024-02-02 00:00:00",Deposit,223184.39,142971.37,ATM,"Online purchase"
824,48,"2021-08-22 00:00:00",Deposit,96739.42,2461497.69,Branch,Grocery
825,268,"2018-07-23 00:00:00",Withdraw,275491.85,2985943.71,"Internet Banking","Online purchase"
826,325,"2022-09-10 00:00:00",Deposit,358791.81,3931583.03,ATM,Dividend
827,194,"2022-04-23 00:00:00",Withdraw,112046.01,2875584.13,"Mobile App","Utility bill"
828,276,"2018-01-27 00:00:00",Withdraw,352691.11,1856320.86,ATM,"Salary credit"
829,36,"2020-05-22 00:00:00",Deposit,320967.21,3000046.15,"Mobile App","Cash deposit"
830,473,"2021-08-20 00:00:00",Transfer,316989.89,882186.35,Branch,NULL
831,434,"2022-03-08 00:00:00",Transfer,117865.22,778724.24,"Internet Banking","Online purchase"
832,377,"2018-09-12 00:00:00",Transfer,312433.41,3888944.33,ATM,"Salary credit"
833,306,"2024-04-08 00:00:00",Withdraw,353495.51,820574.61,ATM,"Insurance premium"
834,115,"2021-05-27 00:00:00",Transfer,174570.54,718178.34,"Mobile App","Salary credit"
835,393,"2019-05-03 00:00:00",Transfer,336639.35,2069671.22,ATM,"Rent payment"
836,304,"2022-12-26 00:00:00",Transfer,99395.47,688315.43,"Internet Banking",Grocery
837,96,"2020-02-28 00:00:00",Withdraw,297386.85,3762811.39,Branch,Dividend
838,470,"2023-08-08 00:00:00",Deposit,77197.01,1966319.75,NULL,"Rent payment"
839,138,"2018-07-31 00:00:00",Withdraw,192639.42,2043518.84,ATM,NULL
840,450,"2021-04-11 00:00:00",Deposit,113506.12,3507910.61,Branch,NULL
841,339,"2022-08-19 00:00:00",Transfer,200355.06,592480.87,"Mobile App","Bonus credit"
842,448,"2022-06-30 00:00:00",Deposit,123075.34,688045.96,NULL,NULL
843,231,"2018-12-24 00:00:00",Deposit,314507.50,2092595.55,Branch,"School fees"
844,85,"2020-08-18 00:00:00",Transfer,267137.07,1935585.97,ATM,"School fees"
845,260,"2021-04-28 00:00:00",Withdraw,148354.22,1604126.96,ATM,NULL
846,50,"2022-07-17 00:00:00",Withdraw,225740.72,2444352.60,NULL,"Cash deposit"
847,524,"2024-01-31 00:00:00",Withdraw,78091.14,733046.57,NULL,"Online purchase"
848,346,"2024-03-02 00:00:00",Transfer,242863.10,2825578.34,Branch,"ATM withdrawal"
849,230,"2020-04-01 00:00:00",Deposit,245505.13,2979025.40,"Mobile App","Vendor payment"
850,189,"2022-09-01 00:00:00",Withdraw,278629.58,3990705.86,"Mobile App","School fees"
851,385,"2020-08-28 00:00:00",Deposit,43411.55,1043446.21,ATM,"Bonus credit"
852,69,"2020-08-05 00:00:00",Deposit,372831.21,2587043.70,"Internet Banking","School fees"
853,427,"2021-05-30 00:00:00",Transfer,323263.23,1743140.00,Branch,"School fees"
854,433,"2018-01-05 00:00:00",Transfer,103748.54,333085.98,NULL,Dividend
855,237,"2024-05-16 00:00:00",Deposit,1306.77,1931865.51,"Internet Banking","School fees"
856,108,"2022-01-17 00:00:00",Deposit,235885.61,837789.19,ATM,"Fund transfer"
857,82,"2024-01-04 00:00:00",Deposit,346386.45,3054116.62,ATM,NULL
858,553,"2019-05-02 00:00:00",Deposit,64912.30,1686740.26,ATM,"Fund transfer"
859,31,"2023-11-02 00:00:00",Withdraw,300851.48,1396427.42,"Internet Banking",Medical
860,502,"2018-09-22 00:00:00",Withdraw,110777.20,3092946.63,"Mobile App","Salary credit"
861,575,"2018-11-14 00:00:00",Transfer,294587.34,534209.64,ATM,"Rent payment"
862,81,"2021-04-08 00:00:00",Deposit,235753.86,2401794.60,Branch,NULL
863,429,"2020-02-15 00:00:00",Withdraw,300164.22,2839450.47,"Internet Banking","ATM withdrawal"
864,377,"2018-11-12 00:00:00",Withdraw,384258.83,1774132.58,"Internet Banking",NULL
865,2,"2023-12-18 00:00:00",Transfer,99929.81,1957827.34,Branch,"ATM withdrawal"
866,460,"2018-10-15 00:00:00",Withdraw,368510.65,3152724.30,"Mobile App","Online purchase"
867,274,"2022-05-29 00:00:00",Withdraw,71573.59,2119259.85,"Internet Banking","Cash deposit"
868,348,"2020-07-16 00:00:00",Withdraw,145731.29,2266094.63,Branch,"ATM withdrawal"
869,126,"2021-05-04 00:00:00",Deposit,8339.20,1166496.36,ATM,"Vendor payment"
870,354,"2022-11-22 00:00:00",Transfer,26987.32,3341369.77,"Internet Banking",NULL
871,252,"2023-04-05 00:00:00",Transfer,14490.10,1581649.21,"Mobile App","Online purchase"
872,560,"2021-02-28 00:00:00",Transfer,173531.28,1198764.65,"Internet Banking","Cash deposit"
873,345,"2018-12-05 00:00:00",Transfer,188661.95,405349.13,"Internet Banking","Bonus credit"
874,379,"2019-04-30 00:00:00",Deposit,232684.66,1651119.81,"Internet Banking","Cash deposit"
875,553,"2019-05-28 00:00:00",Deposit,109765.77,3948946.86,"Internet Banking","Rent payment"
876,287,"2019-01-04 00:00:00",Deposit,127796.46,2095890.93,"Mobile App",NULL
877,31,"2020-04-12 00:00:00",Transfer,25887.79,2174135.75,"Internet Banking","Utility bill"
878,58,"2021-05-09 00:00:00",Deposit,230939.78,3518760.31,"Mobile App","School fees"
879,331,"2019-07-04 00:00:00",Deposit,168379.72,1826737.90,ATM,NULL
880,463,"2021-01-17 00:00:00",Withdraw,127022.87,3740248.21,"Mobile App","Fund transfer"
881,97,"2023-09-21 00:00:00",Deposit,79012.13,1085506.70,Branch,Dividend
882,157,"2020-05-26 00:00:00",Transfer,74815.67,2609354.82,Branch,Dividend
883,363,"2023-07-20 00:00:00",Transfer,240071.76,1392860.79,"Mobile App","Rent payment"
884,374,"2021-12-05 00:00:00",Transfer,166394.25,2800147.98,ATM,NULL
885,534,"2024-03-09 00:00:00",Deposit,69108.51,3765674.85,"Internet Banking",NULL
886,266,"2022-01-04 00:00:00",Withdraw,218541.72,952388.86,"Internet Banking",NULL
887,66,"2023-06-24 00:00:00",Transfer,237210.51,713065.28,Branch,"Fund transfer"
888,71,"2022-06-13 00:00:00",Deposit,137440.60,2221681.97,ATM,"Cash deposit"
889,287,"2023-04-21 00:00:00",Withdraw,194008.16,2755732.43,"Internet Banking","Vendor payment"
890,429,"2023-10-01 00:00:00",Transfer,190056.95,3081762.09,"Mobile App","Fund transfer"
891,559,"2018-12-01 00:00:00",Withdraw,278503.77,2343949.03,"Internet Banking",NULL
892,524,"2022-04-22 00:00:00",Withdraw,106118.32,910290.19,ATM,Medical
893,363,"2023-03-25 00:00:00",Deposit,118369.24,816662.95,"Internet Banking",Fuel
894,92,"2019-08-15 00:00:00",Withdraw,159449.46,1365836.91,"Mobile App","ATM withdrawal"
895,204,"2020-10-06 00:00:00",Transfer,135882.81,821075.92,"Internet Banking",NULL
896,109,"2020-06-23 00:00:00",Deposit,208209.48,3479988.36,"Mobile App","Vendor payment"
897,215,"2021-12-14 00:00:00",Deposit,94684.27,379168.30,Branch,NULL
898,339,"2020-09-07 00:00:00",Deposit,249596.59,778361.04,"Mobile App",NULL
899,95,"2020-05-06 00:00:00",Deposit,85714.32,2242259.49,"Mobile App","Fund transfer"
900,64,"2023-05-22 00:00:00",Deposit,11692.38,3390057.30,Branch,"Bonus credit"
901,176,"2019-03-21 00:00:00",Transfer,41188.10,3988187.98,"Mobile App","Cash deposit"
902,414,"2020-07-19 00:00:00",Withdraw,16937.12,12140.71,ATM,Grocery
903,48,"2023-01-31 00:00:00",Withdraw,381660.17,74783.80,"Internet Banking",Dividend
904,118,"2020-11-11 00:00:00",Transfer,312074.57,3382989.77,"Mobile App","Salary credit"
905,588,"2021-03-04 00:00:00",Transfer,70343.82,1779295.87,"Mobile App","Utility bill"
906,364,"2020-01-08 00:00:00",Deposit,10696.18,412156.56,ATM,"Online purchase"
907,27,"2021-08-12 00:00:00",Transfer,254881.65,524226.49,"Internet Banking","ATM withdrawal"
908,200,"2023-09-23 00:00:00",Transfer,103622.90,2032024.21,Branch,Grocery
909,513,"2023-09-07 00:00:00",Withdraw,352858.50,494495.06,"Mobile App",Dividend
910,310,"2019-03-04 00:00:00",Transfer,51799.80,1366928.12,Branch,"Bonus credit"
911,563,"2019-01-04 00:00:00",Deposit,371013.89,271572.31,"Internet Banking","Cash deposit"
912,442,"2022-01-03 00:00:00",Deposit,212721.90,1608512.93,"Internet Banking",Dividend
913,135,"2019-11-09 00:00:00",Deposit,107103.59,343790.56,"Internet Banking",NULL
914,252,"2023-08-14 00:00:00",Withdraw,65726.31,3395909.98,Branch,"ATM withdrawal"
915,275,"2021-12-14 00:00:00",Withdraw,78829.56,3540007.50,"Mobile App","Fund transfer"
916,173,"2021-11-20 00:00:00",Withdraw,318389.91,920519.21,ATM,"Salary credit"
917,240,"2024-01-08 00:00:00",Deposit,48060.04,2744923.64,Branch,"Fund transfer"
918,430,"2022-09-16 00:00:00",Withdraw,74038.95,3185827.41,ATM,Grocery
919,146,"2020-09-16 00:00:00",Transfer,311371.40,1855234.60,"Internet Banking","Vendor payment"
920,437,"2019-08-16 00:00:00",Transfer,274792.49,2021303.25,Branch,"School fees"
921,574,"2021-10-07 00:00:00",Transfer,29311.83,725255.10,"Internet Banking","Rent payment"
922,254,"2022-12-09 00:00:00",Withdraw,317405.73,3950041.84,Branch,"Insurance premium"
923,539,"2020-09-21 00:00:00",Deposit,277190.82,2934498.95,"Internet Banking","Vendor payment"
924,84,"2020-04-06 00:00:00",Withdraw,292318.66,2140502.17,"Mobile App",NULL
925,316,"2020-12-18 00:00:00",Deposit,268841.84,1154226.71,"Internet Banking","Bonus credit"
926,301,"2022-01-31 00:00:00",Withdraw,40521.46,3601023.26,ATM,"ATM withdrawal"
927,285,"2018-07-31 00:00:00",Deposit,123780.45,3448770.84,ATM,"Cash deposit"
928,137,"2023-05-05 00:00:00",Transfer,148481.43,213341.51,"Mobile App","Fund transfer"
929,206,"2022-11-09 00:00:00",Transfer,109111.12,2774532.40,ATM,"Online purchase"
930,119,"2018-12-01 00:00:00",Withdraw,78303.30,2018899.82,"Mobile App","Cash deposit"
931,220,"2019-05-13 00:00:00",Withdraw,248458.74,3978356.10,"Internet Banking",Dividend
932,91,"2018-06-08 00:00:00",Transfer,349081.98,2192268.57,Branch,NULL
933,345,"2021-01-13 00:00:00",Deposit,161416.52,2195873.16,"Mobile App","Insurance premium"
934,448,"2022-12-09 00:00:00",Transfer,313835.97,3432751.95,"Mobile App","Rent payment"
935,307,"2022-01-16 00:00:00",Withdraw,164502.38,3752830.51,ATM,Grocery
936,598,"2024-02-07 00:00:00",Transfer,57552.10,1244820.81,"Internet Banking",Medical
937,401,"2021-07-03 00:00:00",Withdraw,174832.63,3678273.65,"Internet Banking","Utility bill"
938,252,"2019-12-31 00:00:00",Transfer,121227.88,2582910.19,"Internet Banking",Dividend
939,579,"2022-04-08 00:00:00",Deposit,275575.62,3811817.78,Branch,NULL
940,163,"2018-06-05 00:00:00",Deposit,300930.61,2173512.28,"Mobile App","Rent payment"
941,129,"2023-11-03 00:00:00",Transfer,327342.75,3933720.00,"Mobile App",NULL
942,443,"2021-05-05 00:00:00",Deposit,123110.33,2469664.91,"Mobile App","Cash deposit"
943,494,"2021-11-12 00:00:00",Transfer,159697.82,808550.23,Branch,"Salary credit"
944,2,"2021-05-02 00:00:00",Transfer,172894.35,2366038.84,ATM,"Fund transfer"
945,594,"2019-07-04 00:00:00",Transfer,295396.00,2788190.79,"Mobile App","Bonus credit"
946,38,"2020-01-28 00:00:00",Transfer,273496.71,3034806.03,"Mobile App","School fees"
947,580,"2022-07-30 00:00:00",Transfer,18157.56,10878.32,Branch,"Salary credit"
948,289,"2023-07-02 00:00:00",Deposit,83539.52,3275675.11,"Mobile App","Utility bill"
949,46,"2019-10-14 00:00:00",Withdraw,292319.44,3593505.34,Branch,Dividend
950,410,"2023-09-05 00:00:00",Deposit,121336.08,652235.06,ATM,NULL
951,295,"2022-11-27 00:00:00",Withdraw,12405.41,3342854.48,ATM,Fuel
952,479,"2024-05-22 00:00:00",Withdraw,310458.52,2559228.69,NULL,"Vendor payment"
953,379,"2021-05-01 00:00:00",Withdraw,329661.33,3359149.77,"Mobile App","Utility bill"
954,460,"2024-05-14 00:00:00",Deposit,320720.94,3780876.98,"Internet Banking",NULL
955,4,"2021-05-07 00:00:00",Withdraw,305664.63,3412594.41,Branch,NULL
956,527,"2021-11-16 00:00:00",Deposit,319416.67,2141820.43,"Internet Banking","Utility bill"
957,38,"2020-06-23 00:00:00",Transfer,325036.32,947517.99,ATM,Grocery
958,136,"2020-12-30 00:00:00",Transfer,13568.11,2488048.31,"Mobile App",NULL
959,547,"2022-02-12 00:00:00",Withdraw,146495.15,3550561.32,NULL,"Salary credit"
960,209,"2022-06-24 00:00:00",Deposit,248687.09,341522.40,"Mobile App","Cash deposit"
961,36,"2024-04-14 00:00:00",Transfer,269035.56,1403676.89,"Mobile App","Insurance premium"
962,191,"2021-10-31 00:00:00",Transfer,283714.05,1559009.12,"Internet Banking",Grocery
963,414,"2019-03-05 00:00:00",Withdraw,348304.75,446220.16,"Internet Banking","School fees"
964,509,"2018-07-30 00:00:00",Deposit,371723.48,3756284.91,"Internet Banking","Fund transfer"
965,328,"2018-12-01 00:00:00",Transfer,98034.17,733627.02,Branch,"Utility bill"
966,161,"2023-07-26 00:00:00",Transfer,224670.00,409437.91,"Internet Banking","Online purchase"
967,579,"2021-09-13 00:00:00",Deposit,100993.34,3118334.38,ATM,"Insurance premium"
968,233,"2018-11-06 00:00:00",Transfer,112142.00,1697661.43,"Internet Banking",Grocery
969,180,"2021-03-11 00:00:00",Deposit,167942.28,2015600.74,ATM,"Online purchase"
970,419,"2024-06-29 00:00:00",Transfer,90506.19,1038171.58,Branch,NULL
971,430,"2019-08-31 00:00:00",Withdraw,255099.82,516207.92,"Internet Banking",Medical
972,373,"2020-02-17 00:00:00",Deposit,393404.35,3219399.38,ATM,"Rent payment"
973,498,"2018-02-05 00:00:00",Deposit,166280.08,1819835.13,"Mobile App","Bonus credit"
974,78,"2022-10-10 00:00:00",Transfer,37168.23,1217729.38,"Mobile App","Rent payment"
975,369,"2018-09-24 00:00:00",Withdraw,149827.96,2670617.64,ATM,Dividend
976,493,"2019-09-24 00:00:00",Deposit,183476.10,162740.68,"Mobile App",NULL
977,501,"2024-01-16 00:00:00",Deposit,258442.13,1175686.23,"Mobile App","Rent payment"
978,444,"2022-09-05 00:00:00",Withdraw,99300.09,3092585.91,"Mobile App",Dividend
979,469,"2018-03-28 00:00:00",Deposit,117031.88,2784921.76,"Mobile App","ATM withdrawal"
980,332,"2018-06-26 00:00:00",Deposit,220013.74,451850.41,NULL,NULL
981,457,"2021-09-19 00:00:00",Deposit,37902.13,1955756.48,"Internet Banking","Vendor payment"
982,405,"2020-12-11 00:00:00",Withdraw,326325.85,2380240.87,ATM,"Cash deposit"
983,342,"2022-06-24 00:00:00",Withdraw,241905.82,2906249.23,Branch,"Vendor payment"
984,195,"2018-07-17 00:00:00",Transfer,151276.41,3639950.50,ATM,NULL
985,221,"2023-01-10 00:00:00",Withdraw,318079.90,884826.56,"Internet Banking",Dividend
986,92,"2020-12-14 00:00:00",Deposit,394770.19,2570580.18,ATM,"Salary credit"
987,283,"2020-11-16 00:00:00",Transfer,101247.12,3046914.06,ATM,"Vendor payment"
988,379,"2020-09-16 00:00:00",Transfer,155361.58,1601023.65,Branch,"ATM withdrawal"
989,107,"2022-03-14 00:00:00",Deposit,236308.14,554037.79,ATM,"ATM withdrawal"
990,223,"2023-06-07 00:00:00",Deposit,289282.47,1531951.60,"Mobile App","Insurance premium"
991,345,"2020-10-29 00:00:00",Deposit,252425.66,3230308.90,"Mobile App",Medical
992,40,"2022-10-06 00:00:00",Withdraw,131855.24,2893966.62,Branch,Dividend
993,228,"2021-05-03 00:00:00",Transfer,315674.05,2597073.29,"Mobile App","Online purchase"
994,197,"2019-02-24 00:00:00",Withdraw,94415.53,2004152.58,"Mobile App","Fund transfer"
995,78,"2022-12-29 00:00:00",Transfer,18047.30,3779471.31,Branch,"Cash deposit"
996,228,"2021-07-12 00:00:00",Transfer,98326.95,1321385.81,"Mobile App",Dividend
997,219,"2021-09-07 00:00:00",Deposit,181739.61,379115.02,"Internet Banking",Medical
998,439,"2019-07-29 00:00:00",Deposit,231273.54,2972101.23,ATM,NULL
999,473,"2023-07-23 00:00:00",Transfer,201720.00,1821545.66,"Internet Banking","School fees"
1000,460,"2023-11-27 00:00:00",Transfer,101492.03,134547.64,ATM,"Fund transfer"
